doi,polymer(s),is_solvent_blend,solvent(s),solvent_components,solution_concentration,solution_concentration_unit,needle_type,needle_diameter_g,collector_type,rotation_speed_rpm,voltage_kv,flow_rate_ml/h,tip_collector_distance_cm,temperature_c,humidity_%,was_formation_stable,fiber_diameter_nm,fiber_diameter_variation_nm,tail_observation
https://doi.org/10.1016/j.jafr.2019.100015,CA,FALSE,ACETONE,"[{""solventName"": ""ACETONE"", ""weight"": null, ""weightUnit"": ""gram"", ""volumeRatio"": 100.0, ""volumeRatioUnit"": ""v/v""}]",15,wt%,Single Needle,22,Flat,,12,2,6,23,45,TRUE,1346,812,TRUE
https://doi.org/10.1016/j.jafr.2019.100015,CA,FALSE,ACETONE,"[{""solventName"": ""ACETONE"", ""weight"": null, ""weightUnit"": ""gram"", ""volumeRatio"": 100.0, ""volumeRatioUnit"": ""v/v""}]",12,wt%,Single Needle,22,Flat,,16,2,6,23,45,TRUE,488,221,FALSE
https://doi.org/10.1016/j.jafr.2019.100015,CA,FALSE,ACETONE,"[{""solventName"": ""ACETONE"", ""weight"": null, ""weightUnit"": ""gram"", ""volumeRatio"": 100.0, ""volumeRatioUnit"": ""v/v""}]",15,wt%,Single Needle,22,Flat,,16,2,10,23,45,TRUE,823,519,FALSE
https://doi.org/10.1016/j.jafr.2019.100015,CA,FALSE,ACETONE,"[{""solventName"": ""ACETONE"", ""weight"": null, ""weightUnit"": ""gram"", ""volumeRatio"": 100.0, ""volumeRatioUnit"": ""v/v""}]",9,wt%,Single Needle,22,Flat,,12,2,6,23,45,TRUE,452,236,FALSE
https://doi.org/10.1016/j.jafr.2019.100015,CA,FALSE,ACETONE,"[{""solventName"": ""ACETONE"", ""weight"": null, ""weightUnit"": ""gram"", ""volumeRatio"": 100.0, ""volumeRatioUnit"": ""v/v""}]",12,wt%,Single Needle,22,Flat,,12,2,10,23,45,TRUE,801,382,FALSE
https://doi.org/10.1016/j.jafr.2019.100015,CA,FALSE,ACETONE,"[{""solventName"": ""ACETONE"", ""weight"": null, ""weightUnit"": ""gram"", ""volumeRatio"": 100.0, ""volumeRatioUnit"": ""v/v""}]",15,wt%,Single Needle,22,Flat,,8,2,10,23,45,TRUE,749,336,FALSE
https://doi.org/10.1016/j.jafr.2019.100015,CA,FALSE,ACETONE,"[{""solventName"": ""ACETONE"", ""weight"": null, ""weightUnit"": ""gram"", ""volumeRatio"": 100.0, ""volumeRatioUnit"": ""v/v""}]",12,wt%,Single Needle,22,Flat,,12,2,10,23,45,TRUE,666,449,FALSE
https://doi.org/10.1016/j.jafr.2019.100015,CA,FALSE,ACETONE,"[{""solventName"": ""ACETONE"", ""weight"": null, ""weightUnit"": ""gram"", ""volumeRatio"": 100.0, ""volumeRatioUnit"": ""v/v""}]",12,wt%,Single Needle,22,Flat,,8,2,14,23,45,TRUE,977,464,FALSE
https://doi.org/10.1016/j.jafr.2019.100015,CA,FALSE,ACETONE,"[{""solventName"": ""ACETONE"", ""weight"": null, ""weightUnit"": ""gram"", ""volumeRatio"": 100.0, ""volumeRatioUnit"": ""v/v""}]",9,wt%,Single Needle,22,Flat,,8,2,10,23,45,TRUE,404,171,FALSE
https://doi.org/10.1016/j.jafr.2019.100015,CA,FALSE,ACETONE,"[{""solventName"": ""ACETONE"", ""weight"": null, ""weightUnit"": ""gram"", ""volumeRatio"": 100.0, ""volumeRatioUnit"": ""v/v""}]",12,wt%,Single Needle,22,Flat,,16,2,14,23,45,TRUE,1104,531,FALSE
https://doi.org/10.1016/j.jafr.2019.100015,CA,FALSE,ACETONE,"[{""solventName"": ""ACETONE"", ""weight"": null, ""weightUnit"": ""gram"", ""volumeRatio"": 100.0, ""volumeRatioUnit"": ""v/v""}]",9,wt%,Single Needle,22,Flat,,12,2,14,23,45,TRUE,562,400,FALSE
https://doi.org/10.1016/j.jafr.2019.100015,CA,FALSE,ACETONE,"[{""solventName"": ""ACETONE"", ""weight"": null, ""weightUnit"": ""gram"", ""volumeRatio"": 100.0, ""volumeRatioUnit"": ""v/v""}]",15,wt%,Single Needle,22,Flat,,12,2,14,23,45,TRUE,1149,523,FALSE
https://doi.org/10.1016/j.jafr.2019.100015,CA,FALSE,ACETONE,"[{""solventName"": ""ACETONE"", ""weight"": null, ""weightUnit"": ""gram"", ""volumeRatio"": 100.0, ""volumeRatioUnit"": ""v/v""}]",9,wt%,Single Needle,22,Flat,,16,2,10,23,45,TRUE,478,337,FALSE
https://doi.org/10.1016/j.jafr.2019.100015,CA,FALSE,ACETONE,"[{""solventName"": ""ACETONE"", ""weight"": null, ""weightUnit"": ""gram"", ""volumeRatio"": 100.0, ""volumeRatioUnit"": ""v/v""}]",12,wt%,Single Needle,22,Flat,,8,2,6,23,45,TRUE,756,470,FALSE
https://doi.org/10.1016/j.jafr.2019.100015,CA,FALSE,ACETONE,"[{""solventName"": ""ACETONE"", ""weight"": null, ""weightUnit"": ""gram"", ""volumeRatio"": 100.0, ""volumeRatioUnit"": ""v/v""}]",12,wt%,Single Needle,22,Flat,,12,2,10,23,45,TRUE,653,403,FALSE
DOI10.1002/app.32569,PAN,FALSE,DMF,"[{""solventName"": ""DMF"", ""weight"": null, ""weightUnit"": ""gram"", ""volumeRatio"": 100.0, ""volumeRatioUnit"": ""v/v""}]",5,wt%,Single Needle,21,Flat With Ethanol Bath,,18,1,15,,45,TRUE,120,21,FALSE
DOI10.1002/app.32569,PAN,FALSE,DMF,"[{""solventName"": ""DMF"", ""weight"": null, ""weightUnit"": ""gram"", ""volumeRatio"": 100.0, ""volumeRatioUnit"": ""v/v""}]",7,wt%,Single Needle,21,Flat With Ethanol Bath,,18,1,15,,45,TRUE,197,21,FALSE
DOI10.1002/app.32569,PAN,FALSE,DMF,"[{""solventName"": ""DMF"", ""weight"": null, ""weightUnit"": ""gram"", ""volumeRatio"": 100.0, ""volumeRatioUnit"": ""v/v""}]",7,wt%,Single Needle,21,Flat With Ethanol Bath,,18,1,2,,45,TRUE,218,21,FALSE
DOI10.1002/app.32569,PAN,FALSE,DMF,"[{""solventName"": ""DMF"", ""weight"": null, ""weightUnit"": ""gram"", ""volumeRatio"": 100.0, ""volumeRatioUnit"": ""v/v""}]",7,wt%,Single Needle,21,Flat With Ethanol Bath,,18,1,3,,45,TRUE,221,21,FALSE
DOI10.1002/app.32569,PAN,FALSE,DMF,"[{""solventName"": ""DMF"", ""weight"": null, ""weightUnit"": ""gram"", ""volumeRatio"": 100.0, ""volumeRatioUnit"": ""v/v""}]",7,wt%,Single Needle,21,Flat With Ethanol Bath,,18,1,4,,45,TRUE,225,21,FALSE
DOI10.1002/app.32569,PAN,FALSE,DMF,"[{""solventName"": ""DMF"", ""weight"": null, ""weightUnit"": ""gram"", ""volumeRatio"": 100.0, ""volumeRatioUnit"": ""v/v""}]",7,wt%,Single Needle,21,Flat With Ethanol Bath,,18,1,5,,45,TRUE,203,21,FALSE
DOI10.1002/app.32569,PAN,FALSE,DMF,"[{""solventName"": ""DMF"", ""weight"": null, ""weightUnit"": ""gram"", ""volumeRatio"": 100.0, ""volumeRatioUnit"": ""v/v""}]",7,wt%,Single Needle,21,Flat With Ethanol Bath,,18,1,6,,45,TRUE,190,21,FALSE
DOI10.1002/app.32569,PAN,FALSE,DMF,"[{""solventName"": ""DMF"", ""weight"": null, ""weightUnit"": ""gram"", ""volumeRatio"": 100.0, ""volumeRatioUnit"": ""v/v""}]",7,wt%,Single Needle,21,Flat With Ethanol Bath,,18,1,7,,45,TRUE,185,21,FALSE
DOI10.1002/app.32569,PAN,FALSE,DMF,"[{""solventName"": ""DMF"", ""weight"": null, ""weightUnit"": ""gram"", ""volumeRatio"": 100.0, ""volumeRatioUnit"": ""v/v""}]",7,wt%,Single Needle,21,Flat With Ethanol Bath,,18,1,8,,45,TRUE,187,21,FALSE
DOI10.1002/app.32569,PAN,FALSE,DMF,"[{""solventName"": ""DMF"", ""weight"": null, ""weightUnit"": ""gram"", ""volumeRatio"": 100.0, ""volumeRatioUnit"": ""v/v""}]",7,wt%,Single Needle,21,Flat With Ethanol Bath,,18,1,9,,45,TRUE,190,21,FALSE
DOI10.1002/app.32569,PAN,FALSE,DMF,"[{""solventName"": ""DMF"", ""weight"": null, ""weightUnit"": ""gram"", ""volumeRatio"": 100.0, ""volumeRatioUnit"": ""v/v""}]",7,wt%,Single Needle,21,Flat With Ethanol Bath,,18,1,10,,45,TRUE,185,21,FALSE
DOI10.1002/app.32569,PAN,FALSE,DMF,"[{""solventName"": ""DMF"", ""weight"": null, ""weightUnit"": ""gram"", ""volumeRatio"": 100.0, ""volumeRatioUnit"": ""v/v""}]",5,wt%,Single Needle,21,Flat With Ethanol Bath,,18,1,15,,45,TRUE,156,21,FALSE
DOI10.1002/app.32569,PAN,FALSE,DMF,"[{""solventName"": ""DMF"", ""weight"": null, ""weightUnit"": ""gram"", ""volumeRatio"": 100.0, ""volumeRatioUnit"": ""v/v""}]",5,wt%,Single Needle,21,Flat With Ethanol Bath,,18,1,2,,45,TRUE,163,21,FALSE
DOI10.1002/app.32569,PAN,FALSE,DMF,"[{""solventName"": ""DMF"", ""weight"": null, ""weightUnit"": ""gram"", ""volumeRatio"": 100.0, ""volumeRatioUnit"": ""v/v""}]",5,wt%,Single Needle,21,Flat With Ethanol Bath,,18,1,3,,45,TRUE,159,21,FALSE
DOI10.1002/app.32569,PAN,FALSE,DMF,"[{""solventName"": ""DMF"", ""weight"": null, ""weightUnit"": ""gram"", ""volumeRatio"": 100.0, ""volumeRatioUnit"": ""v/v""}]",5,wt%,Single Needle,21,Flat With Ethanol Bath,,18,1,4,,45,TRUE,143,21,FALSE
DOI10.1002/app.32569,PAN,FALSE,DMF,"[{""solventName"": ""DMF"", ""weight"": null, ""weightUnit"": ""gram"", ""volumeRatio"": 100.0, ""volumeRatioUnit"": ""v/v""}]",5,wt%,Single Needle,21,Flat With Ethanol Bath,,18,1,5,,45,TRUE,150,21,FALSE
DOI10.1002/app.32569,PAN,FALSE,DMF,"[{""solventName"": ""DMF"", ""weight"": null, ""weightUnit"": ""gram"", ""volumeRatio"": 100.0, ""volumeRatioUnit"": ""v/v""}]",5,wt%,Single Needle,21,Flat With Ethanol Bath,,18,1,6,,45,TRUE,110,21,FALSE
DOI10.1002/app.32569,PAN,FALSE,DMF,"[{""solventName"": ""DMF"", ""weight"": null, ""weightUnit"": ""gram"", ""volumeRatio"": 100.0, ""volumeRatioUnit"": ""v/v""}]",5,wt%,Single Needle,21,Flat With Ethanol Bath,,18,1,7,,45,TRUE,100,21,FALSE
DOI10.1002/app.32569,PAN,FALSE,DMF,"[{""solventName"": ""DMF"", ""weight"": null, ""weightUnit"": ""gram"", ""volumeRatio"": 100.0, ""volumeRatioUnit"": ""v/v""}]",5,wt%,Single Needle,21,Flat With Ethanol Bath,,18,1,8,,45,TRUE,113,21,FALSE
DOI10.1002/app.32569,PAN,FALSE,DMF,"[{""solventName"": ""DMF"", ""weight"": null, ""weightUnit"": ""gram"", ""volumeRatio"": 100.0, ""volumeRatioUnit"": ""v/v""}]",5,wt%,Single Needle,21,Flat With Ethanol Bath,,18,1,9,,45,TRUE,103,21,FALSE
https://doi.org/10.1515/epoly-2022-8106,PAN,FALSE,DMF,"[{""solventName"": ""DMF"", ""weight"": null, ""weightUnit"": ""gram"", ""volumeRatio"": 100.0, ""volumeRatioUnit"": ""v/v""}]",12,wt%,Single Needle,22,Rolling Drum,300,16,0.54,14,,45,TRUE,275.58,,FALSE
https://doi.org/10.1515/epoly-2022-8106,PAN,FALSE,DMF,"[{""solventName"": ""DMF"", ""weight"": null, ""weightUnit"": ""gram"", ""volumeRatio"": 100.0, ""volumeRatioUnit"": ""v/v""}]",12,wt%,Single Needle,22,Rolling Drum,300,16,0.54,16,,45,TRUE,270.69,,FALSE
https://doi.org/10.1515/epoly-2022-8106,PAN,FALSE,DMF,"[{""solventName"": ""DMF"", ""weight"": null, ""weightUnit"": ""gram"", ""volumeRatio"": 100.0, ""volumeRatioUnit"": ""v/v""}]",12,wt%,Single Needle,22,Rolling Drum,300,16,0.54,18,,45,TRUE,263.68,,FALSE
https://doi.org/10.1515/epoly-2022-8106,PAN,FALSE,DMF,"[{""solventName"": ""DMF"", ""weight"": null, ""weightUnit"": ""gram"", ""volumeRatio"": 100.0, ""volumeRatioUnit"": ""v/v""}]",12,wt%,Single Needle,22,Rolling Drum,300,16,0.54,20,,45,TRUE,271.97,,FALSE
https://doi.org/10.1515/epoly-2022-8106,PAN,FALSE,DMF,"[{""solventName"": ""DMF"", ""weight"": null, ""weightUnit"": ""gram"", ""volumeRatio"": 100.0, ""volumeRatioUnit"": ""v/v""}]",12,wt%,Single Needle,22,Rolling Drum,300,16,0.54,22,,45,TRUE,276.48,,FALSE
https://doi.org/10.1515/epoly-2022-8106,PAN,FALSE,DMF,"[{""solventName"": ""DMF"", ""weight"": null, ""weightUnit"": ""gram"", ""volumeRatio"": 100.0, ""volumeRatioUnit"": ""v/v""}]",12,wt%,Single Needle,22,Rolling Drum,300,12,0.42,18,,45,TRUE,237.88,,FALSE
https://doi.org/10.1515/epoly-2022-8106,PAN,FALSE,DMF,"[{""solventName"": ""DMF"", ""weight"": null, ""weightUnit"": ""gram"", ""volumeRatio"": 100.0, ""volumeRatioUnit"": ""v/v""}]",12,wt%,Single Needle,22,Rolling Drum,300,14,0.42,18,,45,TRUE,242.22,,FALSE
https://doi.org/10.1515/epoly-2022-8106,PAN,FALSE,DMF,"[{""solventName"": ""DMF"", ""weight"": null, ""weightUnit"": ""gram"", ""volumeRatio"": 100.0, ""volumeRatioUnit"": ""v/v""}]",12,wt%,Single Needle,22,Rolling Drum,300,16,0.42,18,,45,TRUE,255.35,,FALSE
https://doi.org/10.1515/epoly-2022-8106,PAN,FALSE,DMF,"[{""solventName"": ""DMF"", ""weight"": null, ""weightUnit"": ""gram"", ""volumeRatio"": 100.0, ""volumeRatioUnit"": ""v/v""}]",12,wt%,Single Needle,22,Rolling Drum,300,18,0.42,18,,45,TRUE,259.69,,FALSE
https://doi.org/10.1515/epoly-2022-8106,PAN,FALSE,DMF,"[{""solventName"": ""DMF"", ""weight"": null, ""weightUnit"": ""gram"", ""volumeRatio"": 100.0, ""volumeRatioUnit"": ""v/v""}]",12,wt%,Single Needle,22,Rolling Drum,300,20,0.42,18,,45,TRUE,250.28,,FALSE
https://doi.org/10.1515/epoly-2022-8106,PAN,FALSE,DMF,"[{""solventName"": ""DMF"", ""weight"": null, ""weightUnit"": ""gram"", ""volumeRatio"": 100.0, ""volumeRatioUnit"": ""v/v""}]",12,wt%,Single Needle,22,Rolling Drum,300,16,0.36,18,,45,TRUE,237.84,,FALSE
https://doi.org/10.1515/epoly-2022-8106,PAN,FALSE,DMF,"[{""solventName"": ""DMF"", ""weight"": null, ""weightUnit"": ""gram"", ""volumeRatio"": 100.0, ""volumeRatioUnit"": ""v/v""}]",12,wt%,Single Needle,22,Rolling Drum,300,16,0.42,18,,45,TRUE,247.6,,FALSE
https://doi.org/10.1515/epoly-2022-8106,PAN,FALSE,DMF,"[{""solventName"": ""DMF"", ""weight"": null, ""weightUnit"": ""gram"", ""volumeRatio"": 100.0, ""volumeRatioUnit"": ""v/v""}]",12,wt%,Single Needle,22,Rolling Drum,300,16,0.48,18,,45,TRUE,255.6,,FALSE
https://doi.org/10.1515/epoly-2022-8106,PAN,FALSE,DMF,"[{""solventName"": ""DMF"", ""weight"": null, ""weightUnit"": ""gram"", ""volumeRatio"": 100.0, ""volumeRatioUnit"": ""v/v""}]",12,wt%,Single Needle,22,Rolling Drum,300,16,0.54,18,,45,TRUE,260.64,,FALSE
https://doi.org/10.1515/epoly-2022-8106,PAN,FALSE,DMF,"[{""solventName"": ""DMF"", ""weight"": null, ""weightUnit"": ""gram"", ""volumeRatio"": 100.0, ""volumeRatioUnit"": ""v/v""}]",12,wt%,Single Needle,22,Rolling Drum,300,16,0.6,18,,45,TRUE,263.02,,FALSE
https://doi.org/10.3390/polym15132813,PAN,FALSE,DMF,"[{""solventName"": ""DMF"", ""weight"": null, ""weightUnit"": ""gram"", ""volumeRatio"": 100.0, ""volumeRatioUnit"": ""v/v""}]",10,wt%,Single Needle,22,Flat,,15,0.3,12,25,30,TRUE,280,,FALSE
https://doi.org/10.3390/polym15132813,PAN,FALSE,DMF,"[{""solventName"": ""DMF"", ""weight"": null, ""weightUnit"": ""gram"", ""volumeRatio"": 100.0, ""volumeRatioUnit"": ""v/v""}]",10,wt%,Single Needle,22,Flat,,15,0.4,12,25,30,TRUE,295,,FALSE
https://doi.org/10.3390/polym15132813,PAN,FALSE,DMF,"[{""solventName"": ""DMF"", ""weight"": null, ""weightUnit"": ""gram"", ""volumeRatio"": 100.0, ""volumeRatioUnit"": ""v/v""}]",10,wt%,Single Needle,22,Flat,,15,0.5,14,25,30,TRUE,196,,FALSE
https://doi.org/10.3390/polym15132813,PAN,FALSE,DMF,"[{""solventName"": ""DMF"", ""weight"": null, ""weightUnit"": ""gram"", ""volumeRatio"": 100.0, ""volumeRatioUnit"": ""v/v""}]",10,wt%,Single Needle,22,Flat,,15,0.3,16,25,30,TRUE,200,,FALSE
https://doi.org/10.3390/polym15132813,PAN,FALSE,DMF,"[{""solventName"": ""DMF"", ""weight"": null, ""weightUnit"": ""gram"", ""volumeRatio"": 100.0, ""volumeRatioUnit"": ""v/v""}]",10,wt%,Single Needle,22,Flat,,15,0.4,16,25,30,TRUE,212,,FALSE
https://doi.org/10.3390/polym15132813,PAN,FALSE,DMF,"[{""solventName"": ""DMF"", ""weight"": null, ""weightUnit"": ""gram"", ""volumeRatio"": 100.0, ""volumeRatioUnit"": ""v/v""}]",10,wt%,Single Needle,22,Flat,,15,0.2,18,25,30,TRUE,174,,FALSE
https://doi.org/10.3390/polym15132813,PAN,FALSE,DMF,"[{""solventName"": ""DMF"", ""weight"": null, ""weightUnit"": ""gram"", ""volumeRatio"": 100.0, ""volumeRatioUnit"": ""v/v""}]",10,wt%,Single Needle,22,Flat,,15,0.5,18,25,30,TRUE,213,,FALSE
https://doi.org/10.3390/polym15132813,PAN,FALSE,DMF,"[{""solventName"": ""DMF"", ""weight"": null, ""weightUnit"": ""gram"", ""volumeRatio"": 100.0, ""volumeRatioUnit"": ""v/v""}]",10,wt%,Single Needle,22,Flat,,15,0.2,20,25,30,TRUE,235,,FALSE
https://doi.org/10.3390/polym15132813,PAN,FALSE,DMF,"[{""solventName"": ""DMF"", ""weight"": null, ""weightUnit"": ""gram"", ""volumeRatio"": 100.0, ""volumeRatioUnit"": ""v/v""}]",10,wt%,Single Needle,22,Flat,,15,0.3,20,25,30,TRUE,307,,FALSE
https://doi.org/10.3390/polym15132813,PAN,FALSE,DMF,"[{""solventName"": ""DMF"", ""weight"": null, ""weightUnit"": ""gram"", ""volumeRatio"": 100.0, ""volumeRatioUnit"": ""v/v""}]",10,wt%,Single Needle,22,Flat,,15,0.5,20,25,30,TRUE,166,,FALSE
https://doi.org/10.1515/epoly-2014-0110,PCL,FALSE,ACETIC_ACID,"[{""solventName"": ""ACETIC_ACID"", ""weight"": null, ""weightUnit"": ""gram"", ""volumeRatio"": 100.0, ""volumeRatioUnit"": ""v/v""}]",12,wt%,Single Needle,23,Flat,,20,0.5,15,25,20,TRUE,580,160,FALSE
https://doi.org/10.1515/epoly-2014-0110,PCL,FALSE,ACETIC_ACID,"[{""solventName"": ""ACETIC_ACID"", ""weight"": null, ""weightUnit"": ""gram"", ""volumeRatio"": 100.0, ""volumeRatioUnit"": ""v/v""}]",12,wt%,Single Needle,23,Flat,,20,0.5,15,35,20,TRUE,200,80,FALSE
https://doi.org/10.1515/epoly-2014-0110,PCL,FALSE,ACETIC_ACID,"[{""solventName"": ""ACETIC_ACID"", ""weight"": null, ""weightUnit"": ""gram"", ""volumeRatio"": 100.0, ""volumeRatioUnit"": ""v/v""}]",12,wt%,Single Needle,23,Flat,,20,0.5,15,45,20,TRUE,160,60,FALSE
https://doi.org/10.1515/epoly-2014-0110,PCL,FALSE,ACETIC_ACID,"[{""solventName"": ""ACETIC_ACID"", ""weight"": null, ""weightUnit"": ""gram"", ""volumeRatio"": 100.0, ""volumeRatioUnit"": ""v/v""}]",16,wt%,Single Needle,23,Flat,,20,0.5,15,25,20,TRUE,460,200,FALSE
https://doi.org/10.1515/epoly-2014-0110,PCL,FALSE,ACETIC_ACID,"[{""solventName"": ""ACETIC_ACID"", ""weight"": null, ""weightUnit"": ""gram"", ""volumeRatio"": 100.0, ""volumeRatioUnit"": ""v/v""}]",16,wt%,Single Needle,23,Flat,,20,0.5,15,35,20,TRUE,185,80,FALSE
https://doi.org/10.1515/epoly-2014-0110,PCL,FALSE,ACETIC_ACID,"[{""solventName"": ""ACETIC_ACID"", ""weight"": null, ""weightUnit"": ""gram"", ""volumeRatio"": 100.0, ""volumeRatioUnit"": ""v/v""}]",16,wt%,Single Needle,23,Flat,,20,0.5,15,45,20,TRUE,160,50,FALSE
https://doi.org/10.1515/epoly-2014-0110,PCL,FALSE,ACETIC_ACID,"[{""solventName"": ""ACETIC_ACID"", ""weight"": null, ""weightUnit"": ""gram"", ""volumeRatio"": 100.0, ""volumeRatioUnit"": ""v/v""}]",20,wt%,Single Needle,23,Flat,,20,0.5,15,45,20,TRUE,220,80,FALSE
DOI10.1007/s00521-017-2996-6,PCL,FALSE,DMF,"[{""solventName"": ""DMF"", ""weight"": null, ""weightUnit"": ""gram"", ""volumeRatio"": 100.0, ""volumeRatioUnit"": ""v/v""}]",10,wt%,Single Needle,21,Rolling Drum,100,18,0.5,10,,45,TRUE,397,,FALSE
DOI10.1007/s00521-017-2996-6,PCL,FALSE,DMF,"[{""solventName"": ""DMF"", ""weight"": null, ""weightUnit"": ""gram"", ""volumeRatio"": 100.0, ""volumeRatioUnit"": ""v/v""}]",12,wt%,Single Needle,21,Rolling Drum,100,18,0.5,12,,45,TRUE,197,,FALSE
DOI10.1007/s00521-017-2996-6,PCL,FALSE,DMF,"[{""solventName"": ""DMF"", ""weight"": null, ""weightUnit"": ""gram"", ""volumeRatio"": 100.0, ""volumeRatioUnit"": ""v/v""}]",12,wt%,Single Needle,21,Rolling Drum,100,18,0.5,8,,45,TRUE,191,,FALSE
DOI10.1007/s00521-017-2996-6,PCL,FALSE,DMF,"[{""solventName"": ""DMF"", ""weight"": null, ""weightUnit"": ""gram"", ""volumeRatio"": 100.0, ""volumeRatioUnit"": ""v/v""}]",8,wt%,Single Needle,21,Rolling Drum,100,15,0.5,10,,45,TRUE,372,,FALSE
DOI10.1007/s00521-017-2996-6,PCL,FALSE,DMF,"[{""solventName"": ""DMF"", ""weight"": null, ""weightUnit"": ""gram"", ""volumeRatio"": 100.0, ""volumeRatioUnit"": ""v/v""}]",12,wt%,Single Needle,21,Rolling Drum,100,21,0.5,10,,45,TRUE,314,,FALSE
DOI10.1007/s00521-017-2996-6,PCL,FALSE,DMF,"[{""solventName"": ""DMF"", ""weight"": null, ""weightUnit"": ""gram"", ""volumeRatio"": 100.0, ""volumeRatioUnit"": ""v/v""}]",8,wt%,Single Needle,21,Rolling Drum,100,21,0.5,10,,45,TRUE,320,,FALSE
DOI10.1007/s00521-017-2996-6,PCL,FALSE,DMF,"[{""solventName"": ""DMF"", ""weight"": null, ""weightUnit"": ""gram"", ""volumeRatio"": 100.0, ""volumeRatioUnit"": ""v/v""}]",8,wt%,Single Needle,21,Rolling Drum,100,18,0.5,8,,45,TRUE,317,,FALSE
DOI10.1007/s00521-017-2996-6,PCL,FALSE,DMF,"[{""solventName"": ""DMF"", ""weight"": null, ""weightUnit"": ""gram"", ""volumeRatio"": 100.0, ""volumeRatioUnit"": ""v/v""}]",10,wt%,Single Needle,21,Rolling Drum,100,21,0.5,12,,45,TRUE,287,,FALSE
DOI10.1007/s00521-017-2996-6,PCL,FALSE,DMF,"[{""solventName"": ""DMF"", ""weight"": null, ""weightUnit"": ""gram"", ""volumeRatio"": 100.0, ""volumeRatioUnit"": ""v/v""}]",10,wt%,Single Needle,21,Rolling Drum,100,18,0.5,10,,45,TRUE,324,,FALSE
DOI10.1007/s00521-017-2996-6,PCL,FALSE,DMF,"[{""solventName"": ""DMF"", ""weight"": null, ""weightUnit"": ""gram"", ""volumeRatio"": 100.0, ""volumeRatioUnit"": ""v/v""}]",8,wt%,Single Needle,21,Rolling Drum,100,18,0.5,12,,45,TRUE,298,,FALSE
DOI10.1007/s00521-017-2996-6,PCL,FALSE,DMF,"[{""solventName"": ""DMF"", ""weight"": null, ""weightUnit"": ""gram"", ""volumeRatio"": 100.0, ""volumeRatioUnit"": ""v/v""}]",10,wt%,Single Needle,21,Rolling Drum,100,18,0.5,10,,45,TRUE,359,,FALSE
DOI10.1007/s00521-017-2996-6,PCL,FALSE,DMF,"[{""solventName"": ""DMF"", ""weight"": null, ""weightUnit"": ""gram"", ""volumeRatio"": 100.0, ""volumeRatioUnit"": ""v/v""}]",10,wt%,Single Needle,21,Rolling Drum,100,15,0.5,8,,45,TRUE,313,,FALSE
DOI10.1007/s00521-017-2996-6,PCL,FALSE,DMF,"[{""solventName"": ""DMF"", ""weight"": null, ""weightUnit"": ""gram"", ""volumeRatio"": 100.0, ""volumeRatioUnit"": ""v/v""}]",10,wt%,Single Needle,21,Rolling Drum,100,18,0.5,10,,45,TRUE,348,,FALSE
https://doi.org/10.1002/app.52131,PCL,TRUE,CHLOROFORM-ETHANOL,"[{""solventName"": ""CHLOROFORM"", ""weight"": null, ""weightUnit"": ""gram"", ""volumeRatio"": 70.0, ""volumeRatioUnit"": ""v/v""}, {""solventName"": ""ETHANOL"", ""weight"": null, ""weightUnit"": ""gram"", ""volumeRatio"": 30.0, ""volumeRatioUnit"": ""v/v""}]",8,wt%,Single Needle,20,Flat,,18,0.3,13.5,21,55,TRUE,638,272,FALSE
https://doi.org/10.1002/app.52131,PCL,TRUE,CHLOROFORM-ETHANOL,"[{""solventName"": ""CHLOROFORM"", ""weight"": null, ""weightUnit"": ""gram"", ""volumeRatio"": 70.0, ""volumeRatioUnit"": ""v/v""}, {""solventName"": ""ETHANOL"", ""weight"": null, ""weightUnit"": ""gram"", ""volumeRatio"": 30.0, ""volumeRatioUnit"": ""v/v""}]",8,wt%,Single Needle,20,Flat,,15,0.3,10,21,55,TRUE,722,477,FALSE
https://doi.org/10.1002/app.52131,PCL,TRUE,CHLOROFORM-ETHANOL,"[{""solventName"": ""CHLOROFORM"", ""weight"": null, ""weightUnit"": ""gram"", ""volumeRatio"": 70.0, ""volumeRatioUnit"": ""v/v""}, {""solventName"": ""ETHANOL"", ""weight"": null, ""weightUnit"": ""gram"", ""volumeRatio"": 30.0, ""volumeRatioUnit"": ""v/v""}]",8,wt%,Single Needle,20,Flat,,15,0.5,13.5,21,55,TRUE,617,414,FALSE
https://doi.org/10.1002/app.52131,PCL,TRUE,CHLOROFORM-ETHANOL,"[{""solventName"": ""CHLOROFORM"", ""weight"": null, ""weightUnit"": ""gram"", ""volumeRatio"": 70.0, ""volumeRatioUnit"": ""v/v""}, {""solventName"": ""ETHANOL"", ""weight"": null, ""weightUnit"": ""gram"", ""volumeRatio"": 30.0, ""volumeRatioUnit"": ""v/v""}]",8,wt%,Single Needle,20,Flat,,15,0.3,17,21,55,TRUE,782,442,FALSE
https://doi.org/10.1002/app.52131,PCL,TRUE,CHLOROFORM-ETHANOL,"[{""solventName"": ""CHLOROFORM"", ""weight"": null, ""weightUnit"": ""gram"", ""volumeRatio"": 70.0, ""volumeRatioUnit"": ""v/v""}, {""solventName"": ""ETHANOL"", ""weight"": null, ""weightUnit"": ""gram"", ""volumeRatio"": 30.0, ""volumeRatioUnit"": ""v/v""}]",8,wt%,Single Needle,20,Flat,,12,0.3,13.5,21,55,TRUE,602,365,FALSE
https://doi.org/10.1002/app.52131,PCL,TRUE,CHLOROFORM-ETHANOL,"[{""solventName"": ""CHLOROFORM"", ""weight"": null, ""weightUnit"": ""gram"", ""volumeRatio"": 70.0, ""volumeRatioUnit"": ""v/v""}, {""solventName"": ""ETHANOL"", ""weight"": null, ""weightUnit"": ""gram"", ""volumeRatio"": 30.0, ""volumeRatioUnit"": ""v/v""}]",8,wt%,Single Needle,20,Flat,,15,0.1,13.5,21,55,TRUE,616,326,FALSE
https://doi.org/10.1002/app.25464,PDLLA,FALSE,ACETONE,"[{""solventName"": ""ACETONE"", ""weight"": null, ""weightUnit"": ""gram"", ""volumeRatio"": 100.0, ""volumeRatioUnit"": ""v/v""}]",10,wt%,Single Needle,25,Flat,,15,1.8,15,25,47.5,TRUE,187,23,FALSE
https://doi.org/10.1002/app.25464,PDLLA,TRUE,ACETONE-CHLOROFORM,"[{""solventName"": ""ACETONE"", ""weight"": null, ""weightUnit"": ""gram"", ""volumeRatio"": 80.0, ""volumeRatioUnit"": ""v/v""}, {""solventName"": ""CHLOROFORM"", ""weight"": null, ""weightUnit"": ""gram"", ""volumeRatio"": 20.0, ""volumeRatioUnit"": ""v/v""}]",20,wt%,Single Needle,22,Flat,,15,5.4,15,25,47.5,TRUE,468,140,FALSE
https://doi.org/10.1002/app.25464,PDLLA,TRUE,ACETONE-CHLOROFORM,"[{""solventName"": ""ACETONE"", ""weight"": null, ""weightUnit"": ""gram"", ""volumeRatio"": 75.0, ""volumeRatioUnit"": ""v/v""}, {""solventName"": ""CHLOROFORM"", ""weight"": null, ""weightUnit"": ""gram"", ""volumeRatio"": 25.0, ""volumeRatioUnit"": ""v/v""}]",30,wt%,Single Needle,20,Flat,,15,9,15,25,47.5,TRUE,1000,221,FALSE
https://doi.org/10.1002/app.25464,PDLLA,TRUE,ACETONE-CHLOROFORM,"[{""solventName"": ""ACETONE"", ""weight"": null, ""weightUnit"": ""gram"", ""volumeRatio"": 80.0, ""volumeRatioUnit"": ""v/v""}, {""solventName"": ""CHLOROFORM"", ""weight"": null, ""weightUnit"": ""gram"", ""volumeRatio"": 20.0, ""volumeRatioUnit"": ""v/v""}]",10,wt%,Single Needle,20,Flat,,20,5.4,15,25,47.5,TRUE,118,30,FALSE
https://doi.org/10.1002/app.25464,PDLLA,TRUE,ACETONE-CHLOROFORM,"[{""solventName"": ""ACETONE"", ""weight"": null, ""weightUnit"": ""gram"", ""volumeRatio"": 75.0, ""volumeRatioUnit"": ""v/v""}, {""solventName"": ""CHLOROFORM"", ""weight"": null, ""weightUnit"": ""gram"", ""volumeRatio"": 25.0, ""volumeRatioUnit"": ""v/v""}]",20,wt%,Single Needle,25,Flat,,20,9,15,25,47.5,TRUE,803,193,FALSE
https://doi.org/10.1002/app.25464,PDLLA,FALSE,ACETONE,"[{""solventName"": ""ACETONE"", ""weight"": null, ""weightUnit"": ""gram"", ""volumeRatio"": 100.0, ""volumeRatioUnit"": ""v/v""}]",30,wt%,Single Needle,22,Flat,,20,1.8,15,25,47.5,TRUE,238,87,FALSE
https://doi.org/10.1002/app.25464,PDLLA,FALSE,ACETONE,"[{""solventName"": ""ACETONE"", ""weight"": null, ""weightUnit"": ""gram"", ""volumeRatio"": 100.0, ""volumeRatioUnit"": ""v/v""}]",10,wt%,Single Needle,22,Flat,,25,9,15,25,47.5,TRUE,86,29,FALSE
https://doi.org/10.1002/app.25464,PDLLA,TRUE,ACETONE-CHLOROFORM,"[{""solventName"": ""ACETONE"", ""weight"": null, ""weightUnit"": ""gram"", ""volumeRatio"": 80.0, ""volumeRatioUnit"": ""v/v""}, {""solventName"": ""CHLOROFORM"", ""weight"": null, ""weightUnit"": ""gram"", ""volumeRatio"": 20.0, ""volumeRatioUnit"": ""v/v""}]",20,wt%,Single Needle,20,Flat,,25,1.8,15,25,47.5,TRUE,223,69,FALSE
https://doi.org/10.1002/app.25464,PDLLA,TRUE,ACETONE-CHLOROFORM,"[{""solventName"": ""ACETONE"", ""weight"": null, ""weightUnit"": ""gram"", ""volumeRatio"": 75.0, ""volumeRatioUnit"": ""v/v""}, {""solventName"": ""CHLOROFORM"", ""weight"": null, ""weightUnit"": ""gram"", ""volumeRatio"": 25.0, ""volumeRatioUnit"": ""v/v""}]",30,wt%,Single Needle,25,Flat,,25,5.4,15,25,47.5,TRUE,2500,338,TRUE
https://doi.org/10.1002/app.25464,PDLLA,FALSE,ACETONE,"[{""solventName"": ""ACETONE"", ""weight"": null, ""weightUnit"": ""gram"", ""volumeRatio"": 100.0, ""volumeRatioUnit"": ""v/v""}]",20,wt%,Single Needle,20,Flat,,15,9,15,25,47.5,TRUE,1000,267,FALSE
https://doi.org/10.1002/app.25464,PDLLA,TRUE,ACETONE-CHLOROFORM,"[{""solventName"": ""ACETONE"", ""weight"": null, ""weightUnit"": ""gram"", ""volumeRatio"": 80.0, ""volumeRatioUnit"": ""v/v""}, {""solventName"": ""CHLOROFORM"", ""weight"": null, ""weightUnit"": ""gram"", ""volumeRatio"": 20.0, ""volumeRatioUnit"": ""v/v""}]",30,wt%,Single Needle,25,Flat,,15,1.8,15,25,47.5,TRUE,1500,304,TRUE
https://doi.org/10.1002/app.25464,PDLLA,TRUE,ACETONE-CHLOROFORM,"[{""solventName"": ""ACETONE"", ""weight"": null, ""weightUnit"": ""gram"", ""volumeRatio"": 75.0, ""volumeRatioUnit"": ""v/v""}, {""solventName"": ""CHLOROFORM"", ""weight"": null, ""weightUnit"": ""gram"", ""volumeRatio"": 25.0, ""volumeRatioUnit"": ""v/v""}]",10,wt%,Single Needle,20,Flat,,20,1.8,15,25,47.5,TRUE,217,81,FALSE
https://doi.org/10.1002/app.25464,PDLLA,FALSE,ACETONE,"[{""solventName"": ""ACETONE"", ""weight"": null, ""weightUnit"": ""gram"", ""volumeRatio"": 100.0, ""volumeRatioUnit"": ""v/v""}]",20,wt%,Single Needle,25,Flat,,20,5.4,15,25,47.5,TRUE,152,54,FALSE
https://doi.org/10.1002/app.25464,PDLLA,TRUE,ACETONE-CHLOROFORM,"[{""solventName"": ""ACETONE"", ""weight"": null, ""weightUnit"": ""gram"", ""volumeRatio"": 80.0, ""volumeRatioUnit"": ""v/v""}, {""solventName"": ""CHLOROFORM"", ""weight"": null, ""weightUnit"": ""gram"", ""volumeRatio"": 20.0, ""volumeRatioUnit"": ""v/v""}]",30,wt%,Single Needle,22,Flat,,20,9,15,25,47.5,TRUE,2550,353,TRUE
https://doi.org/10.1002/app.25464,PDLLA,TRUE,ACETONE-CHLOROFORM,"[{""solventName"": ""ACETONE"", ""weight"": null, ""weightUnit"": ""gram"", ""volumeRatio"": 75.0, ""volumeRatioUnit"": ""v/v""}, {""solventName"": ""CHLOROFORM"", ""weight"": null, ""weightUnit"": ""gram"", ""volumeRatio"": 25.0, ""volumeRatioUnit"": ""v/v""}]",20,wt%,Single Needle,22,Flat,,25,1.8,15,25,47.5,TRUE,845,202,FALSE
https://doi.org/10.1002/app.25464,PDLLA,FALSE,ACETONE,"[{""solventName"": ""ACETONE"", ""weight"": null, ""weightUnit"": ""gram"", ""volumeRatio"": 100.0, ""volumeRatioUnit"": ""v/v""}]",30,wt%,Single Needle,20,Flat,,25,5.4,15,25,47.5,TRUE,1560,238,TRUE
DOI:10.1002/polb.21380,PET,TRUE,TFA-DSM,"[{""solventName"": ""TFA"", ""weight"": null, ""weightUnit"": ""gram"", ""volumeRatio"": 30.0, ""volumeRatioUnit"": ""v/v""}, {""solventName"": ""DSM"", ""weight"": null, ""weightUnit"": ""gram"", ""volumeRatio"": 70.0, ""volumeRatioUnit"": ""v/v""}]",10,wt%,Single Needle,18,Rolling Drum,900,26,0.2,12,20,47,TRUE,201,62,FALSE
DOI:10.1002/polb.21380,PET,TRUE,TFA-DSM,"[{""solventName"": ""TFA"", ""weight"": null, ""weightUnit"": ""gram"", ""volumeRatio"": 30.0, ""volumeRatioUnit"": ""v/v""}, {""solventName"": ""DSM"", ""weight"": null, ""weightUnit"": ""gram"", ""volumeRatio"": 70.0, ""volumeRatioUnit"": ""v/v""}]",20,wt%,Single Needle,18,Rolling Drum,900,26,0.2,12,20,47,TRUE,496,235,FALSE
DOI:10.1002/polb.21380,PET,TRUE,TFA-DSM,"[{""solventName"": ""TFA"", ""weight"": null, ""weightUnit"": ""gram"", ""volumeRatio"": 30.0, ""volumeRatioUnit"": ""v/v""}, {""solventName"": ""DSM"", ""weight"": null, ""weightUnit"": ""gram"", ""volumeRatio"": 70.0, ""volumeRatioUnit"": ""v/v""}]",30,wt%,Single Needle,18,Rolling Drum,900,26,0.2,12,20,47,TRUE,729,273,FALSE
DOI:10.1002/polb.21380,PET,TRUE,TFA-DSM,"[{""solventName"": ""TFA"", ""weight"": null, ""weightUnit"": ""gram"", ""volumeRatio"": 50.0, ""volumeRatioUnit"": ""v/v""}, {""solventName"": ""DSM"", ""weight"": null, ""weightUnit"": ""gram"", ""volumeRatio"": 50.0, ""volumeRatioUnit"": ""v/v""}]",10,wt%,Single Needle,18,Rolling Drum,900,26,0.2,12,20,47,TRUE,209,62,FALSE
DOI:10.1002/polb.21380,PET,TRUE,TFA-DSM,"[{""solventName"": ""TFA"", ""weight"": null, ""weightUnit"": ""gram"", ""volumeRatio"": 50.0, ""volumeRatioUnit"": ""v/v""}, {""solventName"": ""DSM"", ""weight"": null, ""weightUnit"": ""gram"", ""volumeRatio"": 50.0, ""volumeRatioUnit"": ""v/v""}]",20,wt%,Single Needle,18,Rolling Drum,900,26,0.2,12,20,47,TRUE,374,152,FALSE
DOI:10.1002/polb.21380,PET,TRUE,TFA-DSM,"[{""solventName"": ""TFA"", ""weight"": null, ""weightUnit"": ""gram"", ""volumeRatio"": 50.0, ""volumeRatioUnit"": ""v/v""}, {""solventName"": ""DSM"", ""weight"": null, ""weightUnit"": ""gram"", ""volumeRatio"": 50.0, ""volumeRatioUnit"": ""v/v""}]",30,wt%,Single Needle,18,Rolling Drum,900,26,0.2,12,20,47,TRUE,625,224,FALSE
DOI:10.1002/polb.21380,PET,TRUE,TFA-DSM,"[{""solventName"": ""TFA"", ""weight"": null, ""weightUnit"": ""gram"", ""volumeRatio"": 70.0, ""volumeRatioUnit"": ""v/v""}, {""solventName"": ""DSM"", ""weight"": null, ""weightUnit"": ""gram"", ""volumeRatio"": 30.0, ""volumeRatioUnit"": ""v/v""}]",10,wt%,Single Needle,18,Rolling Drum,900,26,0.2,12,20,47,TRUE,215,56,FALSE
DOI:10.1002/polb.21380,PET,TRUE,TFA-DSM,"[{""solventName"": ""TFA"", ""weight"": null, ""weightUnit"": ""gram"", ""volumeRatio"": 70.0, ""volumeRatioUnit"": ""v/v""}, {""solventName"": ""DSM"", ""weight"": null, ""weightUnit"": ""gram"", ""volumeRatio"": 30.0, ""volumeRatioUnit"": ""v/v""}]",20,wt%,Single Needle,18,Rolling Drum,900,26,0.2,12,20,47,TRUE,420,224,FALSE
DOI:10.1002/polb.21380,PET,TRUE,TFA-DSM,"[{""solventName"": ""TFA"", ""weight"": null, ""weightUnit"": ""gram"", ""volumeRatio"": 70.0, ""volumeRatioUnit"": ""v/v""}, {""solventName"": ""DSM"", ""weight"": null, ""weightUnit"": ""gram"", ""volumeRatio"": 30.0, ""volumeRatioUnit"": ""v/v""}]",30,wt%,Single Needle,18,Rolling Drum,900,26,0.2,12,20,47,TRUE,544,325,FALSE
DOI:10.1002/polb.21380,PET,FALSE,TFA,"[{""solventName"": ""TFA"", ""weight"": null, ""weightUnit"": ""gram"", ""volumeRatio"": 100.0, ""volumeRatioUnit"": ""v/v""}]",10,wt%,Single Needle,18,Rolling Drum,900,26,0.2,12,20,47,TRUE,194,48,FALSE
DOI:10.1002/polb.21380,PET,FALSE,TFA,"[{""solventName"": ""TFA"", ""weight"": null, ""weightUnit"": ""gram"", ""volumeRatio"": 100.0, ""volumeRatioUnit"": ""v/v""}]",20,wt%,Single Needle,18,Rolling Drum,900,26,0.2,12,20,47,TRUE,330,146,FALSE
DOI:10.1002/polb.21380,PET,FALSE,TFA,"[{""solventName"": ""TFA"", ""weight"": null, ""weightUnit"": ""gram"", ""volumeRatio"": 100.0, ""volumeRatioUnit"": ""v/v""}]",30,wt%,Single Needle,18,Rolling Drum,900,26,0.2,12,20,47,TRUE,505,383,FALSE
https://doi.org/10.1016/j.polymer.2014.06.032,PLA,TRUE,AC-DMF,"[{""solventName"": ""AC"", ""weight"": null, ""weightUnit"": ""gram"", ""volumeRatio"": 50.0, ""volumeRatioUnit"": ""v/v""}, {""solventName"": ""DMF"", ""weight"": null, ""weightUnit"": ""gram"", ""volumeRatio"": 50.0, ""volumeRatioUnit"": ""v/v""}]",10,w/v%,Single Needle,22,Flat,,20,1,15,20,45,TRUE,210,36,FALSE
https://doi.org/10.1016/j.polymer.2014.06.032,PLA,TRUE,AC-DMF,"[{""solventName"": ""AC"", ""weight"": null, ""weightUnit"": ""gram"", ""volumeRatio"": 50.0, ""volumeRatioUnit"": ""v/v""}, {""solventName"": ""DMF"", ""weight"": null, ""weightUnit"": ""gram"", ""volumeRatio"": 50.0, ""volumeRatioUnit"": ""v/v""}]",10,w/v%,Single Needle,22,Flat,,20,1,15,20,45,TRUE,316,69,FALSE
https://doi.org/10.1016/j.polymer.2014.06.032,PLA,TRUE,AC-DMF,"[{""solventName"": ""AC"", ""weight"": null, ""weightUnit"": ""gram"", ""volumeRatio"": 60.0, ""volumeRatioUnit"": ""v/v""}, {""solventName"": ""DMF"", ""weight"": null, ""weightUnit"": ""gram"", ""volumeRatio"": 40.0, ""volumeRatioUnit"": ""v/v""}]",10,w/v%,Single Needle,22,Flat,,20,1,15,20,45,TRUE,272,58,FALSE
https://doi.org/10.1016/j.polymer.2014.06.032,PLA,TRUE,AC-DMF,"[{""solventName"": ""AC"", ""weight"": null, ""weightUnit"": ""gram"", ""volumeRatio"": 80.0, ""volumeRatioUnit"": ""v/v""}, {""solventName"": ""DMF"", ""weight"": null, ""weightUnit"": ""gram"", ""volumeRatio"": 20.0, ""volumeRatioUnit"": ""v/v""}]",10,w/v%,Single Needle,22,Flat,,20,1,15,20,45,TRUE,557,176,FALSE
https://doi.org/10.1016/j.polymer.2014.06.032,PLA,TRUE,AC-DMF,"[{""solventName"": ""AC"", ""weight"": null, ""weightUnit"": ""gram"", ""volumeRatio"": 50.0, ""volumeRatioUnit"": ""v/v""}, {""solventName"": ""DMF"", ""weight"": null, ""weightUnit"": ""gram"", ""volumeRatio"": 50.0, ""volumeRatioUnit"": ""v/v""}]",5,w/v%,Single Needle,22,Flat,,20,1,15,18,45,TRUE,223,57,FALSE
https://doi.org/10.1016/j.polymer.2014.06.032,PLA,TRUE,AC-DMF,"[{""solventName"": ""AC"", ""weight"": null, ""weightUnit"": ""gram"", ""volumeRatio"": 50.0, ""volumeRatioUnit"": ""v/v""}, {""solventName"": ""DMF"", ""weight"": null, ""weightUnit"": ""gram"", ""volumeRatio"": 50.0, ""volumeRatioUnit"": ""v/v""}]",7.5,w/v%,Single Needle,22,Flat,,20,1,15,18,45,TRUE,303,88,FALSE
https://doi.org/10.1016/j.polymer.2014.06.032,PLA,TRUE,AC-DMF,"[{""solventName"": ""AC"", ""weight"": null, ""weightUnit"": ""gram"", ""volumeRatio"": 50.0, ""volumeRatioUnit"": ""v/v""}, {""solventName"": ""DMF"", ""weight"": null, ""weightUnit"": ""gram"", ""volumeRatio"": 50.0, ""volumeRatioUnit"": ""v/v""}]",12.5,w/v%,Single Needle,22,Flat,,20,1,15,18,45,TRUE,462,125,FALSE
https://doi.org/10.1016/j.polymer.2014.06.032,PLA,TRUE,AC-DMF,"[{""solventName"": ""AC"", ""weight"": null, ""weightUnit"": ""gram"", ""volumeRatio"": 50.0, ""volumeRatioUnit"": ""v/v""}, {""solventName"": ""DMF"", ""weight"": null, ""weightUnit"": ""gram"", ""volumeRatio"": 50.0, ""volumeRatioUnit"": ""v/v""}]",15,w/v%,Single Needle,22,Flat,,20,1,15,18,45,TRUE,685,206,FALSE
https://doi.org/10.1016/j.polymer.2008.09.025,PS,FALSE,DMF,"[{""solventName"": ""DMF"", ""weight"": null, ""weightUnit"": ""gram"", ""volumeRatio"": 100.0, ""volumeRatioUnit"": ""v/v""}]",10,w/v%,Single Needle,26,Flat,,15,1,10,22,45,TRUE,481,93,FALSE
https://doi.org/10.1016/j.polymer.2008.09.025,PS,FALSE,DMF,"[{""solventName"": ""DMF"", ""weight"": null, ""weightUnit"": ""gram"", ""volumeRatio"": 100.0, ""volumeRatioUnit"": ""v/v""}]",15,w/v%,Single Needle,26,Flat,,15,1,10,22,45,TRUE,958,200,FALSE
https://doi.org/10.1016/j.polymer.2008.09.025,PS,FALSE,DMF,"[{""solventName"": ""DMF"", ""weight"": null, ""weightUnit"": ""gram"", ""volumeRatio"": 100.0, ""volumeRatioUnit"": ""v/v""}]",20,w/v%,Single Needle,26,Flat,,15,1,10,22,45,TRUE,1470,256,TRUE
https://doi.org/10.1016/j.polymer.2008.09.025,PS,FALSE,DMF,"[{""solventName"": ""DMF"", ""weight"": null, ""weightUnit"": ""gram"", ""volumeRatio"": 100.0, ""volumeRatioUnit"": ""v/v""}]",10,w/v%,Single Needle,26,Flat,,15,1,10,22,45,TRUE,373,112,FALSE
https://doi.org/10.1016/j.polymer.2008.09.025,PS,FALSE,DMF,"[{""solventName"": ""DMF"", ""weight"": null, ""weightUnit"": ""gram"", ""volumeRatio"": 100.0, ""volumeRatioUnit"": ""v/v""}]",15,w/v%,Single Needle,26,Flat,,15,1,10,22,45,TRUE,1229,319,TRUE
https://doi.org/10.1016/j.polymer.2008.09.025,PS,FALSE,DMF,"[{""solventName"": ""DMF"", ""weight"": null, ""weightUnit"": ""gram"", ""volumeRatio"": 100.0, ""volumeRatioUnit"": ""v/v""}]",20,w/v%,Single Needle,26,Flat,,15,1,10,22,45,TRUE,2370,445,TRUE
https://doi.org/10.1016/j.polymer.2008.09.025,PS,FALSE,DMF,"[{""solventName"": ""DMF"", ""weight"": null, ""weightUnit"": ""gram"", ""volumeRatio"": 100.0, ""volumeRatioUnit"": ""v/v""}]",25,w/v%,Single Needle,26,Flat,,15,1,10,22,45,TRUE,1882,277,TRUE
https://doi.org/10.1016/j.polymer.2008.09.025,PS,FALSE,DMF,"[{""solventName"": ""DMF"", ""weight"": null, ""weightUnit"": ""gram"", ""volumeRatio"": 100.0, ""volumeRatioUnit"": ""v/v""}]",10,w/v%,Single Needle,26,Flat,,15,1,10,22,45,TRUE,367,120,FALSE
https://doi.org/10.1016/j.polymer.2008.09.025,PS,FALSE,DMF,"[{""solventName"": ""DMF"", ""weight"": null, ""weightUnit"": ""gram"", ""volumeRatio"": 100.0, ""volumeRatioUnit"": ""v/v""}]",15,w/v%,Single Needle,26,Flat,,15,1,10,22,45,TRUE,922,274,FALSE
https://doi.org/10.1016/j.polymer.2008.09.025,PS,FALSE,DMF,"[{""solventName"": ""DMF"", ""weight"": null, ""weightUnit"": ""gram"", ""volumeRatio"": 100.0, ""volumeRatioUnit"": ""v/v""}]",20,w/v%,Single Needle,26,Flat,,15,1,10,22,45,TRUE,2788,374,TRUE
https://doi.org/10.1016/j.polymer.2008.09.025,PS,FALSE,DMF,"[{""solventName"": ""DMF"", ""weight"": null, ""weightUnit"": ""gram"", ""volumeRatio"": 100.0, ""volumeRatioUnit"": ""v/v""}]",25,w/v%,Single Needle,26,Flat,,15,1,10,22,45,TRUE,1872,233,TRUE
https://doi.org/10.1016/j.polymer.2008.09.025,PS,FALSE,DMF,"[{""solventName"": ""DMF"", ""weight"": null, ""weightUnit"": ""gram"", ""volumeRatio"": 100.0, ""volumeRatioUnit"": ""v/v""}]",10,w/v%,Single Needle,26,Flat,,15,1,10,22,45,TRUE,351,97,FALSE
https://doi.org/10.1016/j.polymer.2008.09.025,PS,FALSE,DMF,"[{""solventName"": ""DMF"", ""weight"": null, ""weightUnit"": ""gram"", ""volumeRatio"": 100.0, ""volumeRatioUnit"": ""v/v""}]",15,w/v%,Single Needle,26,Flat,,15,1,10,22,45,TRUE,942,171,FALSE
https://doi.org/10.1016/j.polymer.2008.09.025,PS,FALSE,DMF,"[{""solventName"": ""DMF"", ""weight"": null, ""weightUnit"": ""gram"", ""volumeRatio"": 100.0, ""volumeRatioUnit"": ""v/v""}]",20,w/v%,Single Needle,26,Flat,,15,1,10,22,45,TRUE,1376,272,TRUE
https://doi.org/10.1016/j.polymer.2008.09.025,PS,FALSE,DMF,"[{""solventName"": ""DMF"", ""weight"": null, ""weightUnit"": ""gram"", ""volumeRatio"": 100.0, ""volumeRatioUnit"": ""v/v""}]",25,w/v%,Single Needle,26,Flat,,15,1,10,22,45,TRUE,2661,529,TRUE
https://doi.org/10.1016/j.polymer.2008.09.025,PS,FALSE,DMF,"[{""solventName"": ""DMF"", ""weight"": null, ""weightUnit"": ""gram"", ""volumeRatio"": 100.0, ""volumeRatioUnit"": ""v/v""}]",30,w/v%,Single Needle,26,Flat,,15,1,10,22,45,TRUE,4284,413,TRUE
https://doi.org/10.1016/j.polymer.2008.09.025,PS,FALSE,DMF,"[{""solventName"": ""DMF"", ""weight"": null, ""weightUnit"": ""gram"", ""volumeRatio"": 100.0, ""volumeRatioUnit"": ""v/v""}]",10,w/v%,Single Needle,26,Flat,,15,1,10,22,45,TRUE,292,48,FALSE
https://doi.org/10.1016/j.polymer.2008.09.025,PS,FALSE,DMF,"[{""solventName"": ""DMF"", ""weight"": null, ""weightUnit"": ""gram"", ""volumeRatio"": 100.0, ""volumeRatioUnit"": ""v/v""}]",15,w/v%,Single Needle,26,Flat,,15,1,10,22,45,TRUE,942,248,FALSE
https://doi.org/10.1016/j.polymer.2008.09.025,PS,FALSE,DMF,"[{""solventName"": ""DMF"", ""weight"": null, ""weightUnit"": ""gram"", ""volumeRatio"": 100.0, ""volumeRatioUnit"": ""v/v""}]",20,w/v%,Single Needle,26,Flat,,15,1,10,22,45,TRUE,1534,366,TRUE
https://doi.org/10.1016/j.polymer.2008.09.025,PS,FALSE,DMF,"[{""solventName"": ""DMF"", ""weight"": null, ""weightUnit"": ""gram"", ""volumeRatio"": 100.0, ""volumeRatioUnit"": ""v/v""}]",25,w/v%,Single Needle,26,Flat,,15,1,10,22,45,TRUE,1656,218,TRUE
https://doi.org/10.1016/j.polymer.2008.09.025,PS,FALSE,DMF,"[{""solventName"": ""DMF"", ""weight"": null, ""weightUnit"": ""gram"", ""volumeRatio"": 100.0, ""volumeRatioUnit"": ""v/v""}]",30,w/v%,Single Needle,26,Flat,,15,1,10,22,45,TRUE,3803,596,TRUE
https://doi.org/10.1016/j.polymer.2008.09.025,PS,FALSE,DMF,"[{""solventName"": ""DMF"", ""weight"": null, ""weightUnit"": ""gram"", ""volumeRatio"": 100.0, ""volumeRatioUnit"": ""v/v""}]",10,w/v%,Single Needle,26,Flat,,15,1,10,22,45,TRUE,191,35,FALSE
https://doi.org/10.1016/j.polymer.2008.09.025,PS,FALSE,DMF,"[{""solventName"": ""DMF"", ""weight"": null, ""weightUnit"": ""gram"", ""volumeRatio"": 100.0, ""volumeRatioUnit"": ""v/v""}]",15,w/v%,Single Needle,26,Flat,,15,1,10,22,45,TRUE,443,86,FALSE
https://doi.org/10.1016/j.polymer.2008.09.025,PS,FALSE,DMF,"[{""solventName"": ""DMF"", ""weight"": null, ""weightUnit"": ""gram"", ""volumeRatio"": 100.0, ""volumeRatioUnit"": ""v/v""}]",20,w/v%,Single Needle,26,Flat,,15,1,10,22,45,TRUE,1017,173,FALSE
https://doi.org/10.1016/j.polymer.2008.09.025,PS,FALSE,DMF,"[{""solventName"": ""DMF"", ""weight"": null, ""weightUnit"": ""gram"", ""volumeRatio"": 100.0, ""volumeRatioUnit"": ""v/v""}]",25,w/v%,Single Needle,26,Flat,,15,1,10,22,45,TRUE,1552,273,TRUE
https://doi.org/10.1016/j.polymer.2008.09.025,PS,FALSE,DMF,"[{""solventName"": ""DMF"", ""weight"": null, ""weightUnit"": ""gram"", ""volumeRatio"": 100.0, ""volumeRatioUnit"": ""v/v""}]",10,w/v%,Single Needle,26,Flat,,15,1,10,22,45,TRUE,181,46,FALSE
https://doi.org/10.1016/j.polymer.2008.09.025,PS,FALSE,DMF,"[{""solventName"": ""DMF"", ""weight"": null, ""weightUnit"": ""gram"", ""volumeRatio"": 100.0, ""volumeRatioUnit"": ""v/v""}]",15,w/v%,Single Needle,26,Flat,,15,1,10,22,45,TRUE,490,83,FALSE
https://doi.org/10.1002/adv.21947,PS,FALSE,DMF,"[{""solventName"": ""DMF"", ""weight"": null, ""weightUnit"": ""gram"", ""volumeRatio"": 100.0, ""volumeRatioUnit"": ""v/v""}]",18,wt%,Single Needle,22,Flat,,17,0.3,16,23,45,TRUE,312,,FALSE
ÃÂ https://doi.org/10.3390/ma8052718,PS,FALSE,DMF,"[{""solventName"": ""DMF"", ""weight"": null, ""weightUnit"": ""gram"", ""volumeRatio"": 100.0, ""volumeRatioUnit"": ""v/v""}]",23,wt%,Single Needle,22,Rolling Drum,80,15,3.75,15,25,13,TRUE,1200,50,FALSE
https://doi.org/10.1002/adv.21947,PS,FALSE,DMF,"[{""solventName"": ""DMF"", ""weight"": null, ""weightUnit"": ""gram"", ""volumeRatio"": 100.0, ""volumeRatioUnit"": ""v/v""}]",18,wt%,Single Needle,22,Rolling Drum,20,14,0.3,20,23,45,TRUE,436,,FALSE
https://doi.org/10.1002/adv.21947,PS,FALSE,DMF,"[{""solventName"": ""DMF"", ""weight"": null, ""weightUnit"": ""gram"", ""volumeRatio"": 100.0, ""volumeRatioUnit"": ""v/v""}]",18,wt%,Single Needle,22,Rolling Drum,20,17,0.3,16,23,45,TRUE,337,,FALSE
https://doi.org/10.1002/adv.21947,PS,FALSE,DMF,"[{""solventName"": ""DMF"", ""weight"": null, ""weightUnit"": ""gram"", ""volumeRatio"": 100.0, ""volumeRatioUnit"": ""v/v""}]",18,wt%,Single Needle,22,Rolling Drum,20,17,0.3,16,23,45,TRUE,311,,FALSE
https://doi.org/10.1002/adv.21947,PS,FALSE,DMF,"[{""solventName"": ""DMF"", ""weight"": null, ""weightUnit"": ""gram"", ""volumeRatio"": 100.0, ""volumeRatioUnit"": ""v/v""}]",18,wt%,Single Needle,22,Rolling Drum,20,17,0.3,16,23,45,TRUE,341,,FALSE
https://doi.org/10.1002/adv.21947,PS,FALSE,DMF,"[{""solventName"": ""DMF"", ""weight"": null, ""weightUnit"": ""gram"", ""volumeRatio"": 100.0, ""volumeRatioUnit"": ""v/v""}]",21,wt%,Single Needle,22,Rolling Drum,20,14,0.3,16,23,45,TRUE,541,,FALSE
https://doi.org/10.1002/adv.21947,PS,FALSE,DMF,"[{""solventName"": ""DMF"", ""weight"": null, ""weightUnit"": ""gram"", ""volumeRatio"": 100.0, ""volumeRatioUnit"": ""v/v""}]",18,wt%,Single Needle,22,Rolling Drum,20,17,0.3,16,23,45,TRUE,354,,FALSE
https://doi.org/10.1002/adv.21947,PS,FALSE,DMF,"[{""solventName"": ""DMF"", ""weight"": null, ""weightUnit"": ""gram"", ""volumeRatio"": 100.0, ""volumeRatioUnit"": ""v/v""}]",18,wt%,Single Needle,22,Rolling Drum,20,17,0.3,12,23,45,TRUE,683,,FALSE
https://doi.org/10.1002/adv.21947,PS,FALSE,DMF,"[{""solventName"": ""DMF"", ""weight"": null, ""weightUnit"": ""gram"", ""volumeRatio"": 100.0, ""volumeRatioUnit"": ""v/v""}]",15,wt%,Single Needle,22,Rolling Drum,20,14,0.3,12,23,45,TRUE,385,,FALSE
https://doi.org/10.1002/adv.21947,PS,FALSE,DMF,"[{""solventName"": ""DMF"", ""weight"": null, ""weightUnit"": ""gram"", ""volumeRatio"": 100.0, ""volumeRatioUnit"": ""v/v""}]",15,wt%,Single Needle,22,Rolling Drum,20,20,0.3,12,23,45,TRUE,512,,FALSE
https://doi.org/10.1002/adv.21947,PS,FALSE,DMF,"[{""solventName"": ""DMF"", ""weight"": null, ""weightUnit"": ""gram"", ""volumeRatio"": 100.0, ""volumeRatioUnit"": ""v/v""}]",15,wt%,Single Needle,22,Rolling Drum,20,17,0.3,20,23,45,TRUE,189,,FALSE
https://doi.org/10.1002/adv.21947,PS,FALSE,DMF,"[{""solventName"": ""DMF"", ""weight"": null, ""weightUnit"": ""gram"", ""volumeRatio"": 100.0, ""volumeRatioUnit"": ""v/v""}]",18,wt%,Single Needle,22,Rolling Drum,20,14,0.3,16,23,45,TRUE,194,,FALSE
https://doi.org/10.1002/adv.21947,PS,FALSE,DMF,"[{""solventName"": ""DMF"", ""weight"": null, ""weightUnit"": ""gram"", ""volumeRatio"": 100.0, ""volumeRatioUnit"": ""v/v""}]",15,wt%,Single Needle,22,Rolling Drum,20,20,0.3,16,23,45,TRUE,202,,FALSE
https://doi.org/10.1002/adv.21947,PS,FALSE,DMF,"[{""solventName"": ""DMF"", ""weight"": null, ""weightUnit"": ""gram"", ""volumeRatio"": 100.0, ""volumeRatioUnit"": ""v/v""}]",18,wt%,Single Needle,22,Rolling Drum,20,20,0.3,20,23,45,TRUE,423,,FALSE
https://doi.org/10.1002/adv.21947,PS,FALSE,DMF,"[{""solventName"": ""DMF"", ""weight"": null, ""weightUnit"": ""gram"", ""volumeRatio"": 100.0, ""volumeRatioUnit"": ""v/v""}]",15,wt%,Single Needle,22,Rolling Drum,20,17,0.3,12,23,45,TRUE,296,,FALSE
https://doi.org/10.1002/adv.21947,PS,FALSE,DMF,"[{""solventName"": ""DMF"", ""weight"": null, ""weightUnit"": ""gram"", ""volumeRatio"": 100.0, ""volumeRatioUnit"": ""v/v""}]",21,wt%,Single Needle,22,Rolling Drum,20,17,0.3,20,23,45,TRUE,641,,FALSE
https://doi.org/10.1002/adv.21947,PS,FALSE,DMF,"[{""solventName"": ""DMF"", ""weight"": null, ""weightUnit"": ""gram"", ""volumeRatio"": 100.0, ""volumeRatioUnit"": ""v/v""}]",21,wt%,Single Needle,22,Rolling Drum,20,20,0.3,16,23,45,TRUE,663,,FALSE
https://doi.org/10.3390/nano11102514,PVA,FALSE,WATER,"[{""solventName"": ""DISTILLED_WATER"", ""weight"": null, ""weightUnit"": ""gram"", ""volumeRatio"": 100.0, ""volumeRatioUnit"": ""v/v""}]",8,wt%,Single Needle,21,Rolling Drum,,20,0.5,10,23,45,TRUE,95.28,12.05,FALSE
https://doi.org/10.3390/nano11102514,PVA,FALSE,WATER,"[{""solventName"": ""DISTILLED_WATER"", ""weight"": null, ""weightUnit"": ""gram"", ""volumeRatio"": 100.0, ""volumeRatioUnit"": ""v/v""}]",9,wt%,Single Needle,21,Rolling Drum,,20,0.5,10,23,45,TRUE,126.07,26.65,FALSE
https://doi.org/10.3390/nano11102514,PVA,FALSE,WATER,"[{""solventName"": ""DISTILLED_WATER"", ""weight"": null, ""weightUnit"": ""gram"", ""volumeRatio"": 100.0, ""volumeRatioUnit"": ""v/v""}]",10,wt%,Single Needle,21,Rolling Drum,,20,0.5,10,23,45,TRUE,174.21,23.57,FALSE
https://doi.org/10.3390/nano11102514,PVA,FALSE,WATER,"[{""solventName"": ""DISTILLED_WATER"", ""weight"": null, ""weightUnit"": ""gram"", ""volumeRatio"": 100.0, ""volumeRatioUnit"": ""v/v""}]",11,wt%,Single Needle,21,Rolling Drum,,20,0.5,10,23,45,TRUE,147.91,20.93,FALSE
https://doi.org/10.3390/nano11102514,PVA,FALSE,WATER,"[{""solventName"": ""DISTILLED_WATER"", ""weight"": null, ""weightUnit"": ""gram"", ""volumeRatio"": 100.0, ""volumeRatioUnit"": ""v/v""}]",12,wt%,Single Needle,21,Rolling Drum,,20,0.5,10,23,45,TRUE,190.66,22.84,FALSE
https://doi.org/10.3390/nano11102514,PVA,FALSE,WATER,"[{""solventName"": ""DISTILLED_WATER"", ""weight"": null, ""weightUnit"": ""gram"", ""volumeRatio"": 100.0, ""volumeRatioUnit"": ""v/v""}]",13,wt%,Single Needle,21,Rolling Drum,,20,0.5,10,23,45,TRUE,266.7,30.61,FALSE
https://doi.org/10.3390/nano11102514,PVA,FALSE,WATER,"[{""solventName"": ""DISTILLED_WATER"", ""weight"": null, ""weightUnit"": ""gram"", ""volumeRatio"": 100.0, ""volumeRatioUnit"": ""v/v""}]",14,wt%,Single Needle,21,Rolling Drum,,20,0.5,10,23,45,TRUE,308.92,33.74,FALSE
https://doi.org/10.3390/nano11102514,PVA,FALSE,WATER,"[{""solventName"": ""DISTILLED_WATER"", ""weight"": null, ""weightUnit"": ""gram"", ""volumeRatio"": 100.0, ""volumeRatioUnit"": ""v/v""}]",15,wt%,Single Needle,21,Rolling Drum,,20,0.5,10,23,45,TRUE,479.46,40.6,FALSE
https://doi.org/10.30684/etj.35.4A.5,PVA,FALSE,WATER,"[{""solventName"": ""WATER"", ""weight"": null, ""weightUnit"": ""gram"", ""volumeRatio"": 100.0, ""volumeRatioUnit"": ""v/v""}]",10,wt%,Single Needle,22,Flat,,15,0.2,4,23,45,TRUE,875,,FALSE
https://doi.org/10.30684/etj.35.4A.5,PVA,FALSE,WATER,"[{""solventName"": ""WATER"", ""weight"": null, ""weightUnit"": ""gram"", ""volumeRatio"": 100.0, ""volumeRatioUnit"": ""v/v""}]",10,wt%,Single Needle,22,Flat,,15,0.2,8,23,45,TRUE,415,,FALSE
https://doi.org/10.30684/etj.35.4A.5,PVA,FALSE,WATER,"[{""solventName"": ""WATER"", ""weight"": null, ""weightUnit"": ""gram"", ""volumeRatio"": 100.0, ""volumeRatioUnit"": ""v/v""}]",10,wt%,Single Needle,22,Flat,,15,0.2,12,23,45,TRUE,400,,FALSE
https://doi.org/10.30684/etj.35.4A.5,PVA,FALSE,WATER,"[{""solventName"": ""WATER"", ""weight"": null, ""weightUnit"": ""gram"", ""volumeRatio"": 100.0, ""volumeRatioUnit"": ""v/v""}]",10,wt%,Single Needle,22,Flat,,15,0.2,15,23,45,TRUE,360,,FALSE
https://doi.org/10.30684/etj.35.4A.5,PVA,FALSE,WATER,"[{""solventName"": ""WATER"", ""weight"": null, ""weightUnit"": ""gram"", ""volumeRatio"": 100.0, ""volumeRatioUnit"": ""v/v""}]",10,wt%,Single Needle,22,Flat,,15,0.2,20,23,45,TRUE,250,,FALSE
https://doi.org/10.30684/etj.35.4A.5,PVA,FALSE,WATER,"[{""solventName"": ""WATER"", ""weight"": null, ""weightUnit"": ""gram"", ""volumeRatio"": 100.0, ""volumeRatioUnit"": ""v/v""}]",10,wt%,Single Needle,22,Flat,,15,0.2,22,23,45,TRUE,600,,FALSE
https://doi.org/10.1002/jbm.b.33337,PVA,FALSE,WATER,"[{""solventName"": ""WATER"", ""weight"": null, ""weightUnit"": ""gram"", ""volumeRatio"": 100.0, ""volumeRatioUnit"": ""v/v""}]",10,wt%,Single Needle,18,Flat,,20,1,15,,45,TRUE,400,100,FALSE
DOI:10.3390/nano14131083,PVA,FALSE,WATER,"[{""solventName"": ""DISTILLED_WATER"", ""weight"": null, ""weightUnit"": ""gram"", ""volumeRatio"": 100.0, ""volumeRatioUnit"": ""v/v""}]",8,wt%,Single Needle,22,Flat,,10,0.5,12,,45,TRUE,473,57,FALSE
https://doi.org/10.1016/j.eurpolymj.2004.10.027,PVA,FALSE,WATER,"[{""solventName"": ""WATER"", ""weight"": null, ""weightUnit"": ""gram"", ""volumeRatio"": 100.0, ""volumeRatioUnit"": ""v/v""}]",7.4,wt%,Single Needle,9,Flat,,5,0.2,15,23,45,TRUE,218,20,FALSE
https://doi.org/10.1016/j.eurpolymj.2004.10.027,PVA,FALSE,WATER,"[{""solventName"": ""WATER"", ""weight"": null, ""weightUnit"": ""gram"", ""volumeRatio"": 100.0, ""volumeRatioUnit"": ""v/v""}]",7.4,wt%,Single Needle,9,Flat,,8,0.2,15,23,45,TRUE,241,31,FALSE
https://doi.org/10.1016/j.eurpolymj.2004.10.027,PVA,FALSE,WATER,"[{""solventName"": ""WATER"", ""weight"": null, ""weightUnit"": ""gram"", ""volumeRatio"": 100.0, ""volumeRatioUnit"": ""v/v""}]",7.4,wt%,Single Needle,9,Flat,,10,0.2,15,23,45,TRUE,230,63,FALSE
https://doi.org/10.1016/j.eurpolymj.2004.10.027,PVA,FALSE,WATER,"[{""solventName"": ""WATER"", ""weight"": null, ""weightUnit"": ""gram"", ""volumeRatio"": 100.0, ""volumeRatioUnit"": ""v/v""}]",7.4,wt%,Single Needle,9,Flat,,13,0.2,15,23,45,TRUE,254,76,FALSE
https://doi.org/10.1016/j.eurpolymj.2004.10.027,PVA,FALSE,WATER,"[{""solventName"": ""WATER"", ""weight"": null, ""weightUnit"": ""gram"", ""volumeRatio"": 100.0, ""volumeRatioUnit"": ""v/v""}]",6,wt%,Single Needle,9,Flat,,8,0.2,15,23,45,TRUE,87,14,FALSE
https://doi.org/10.1016/j.eurpolymj.2004.10.027,PVA,FALSE,WATER,"[{""solventName"": ""WATER"", ""weight"": null, ""weightUnit"": ""gram"", ""volumeRatio"": 100.0, ""volumeRatioUnit"": ""v/v""}]",6.5,wt%,Single Needle,9,Flat,,8,0.2,15,23,45,TRUE,152,25,FALSE
https://doi.org/10.1016/j.eurpolymj.2004.10.027,PVA,FALSE,WATER,"[{""solventName"": ""WATER"", ""weight"": null, ""weightUnit"": ""gram"", ""volumeRatio"": 100.0, ""volumeRatioUnit"": ""v/v""}]",7,wt%,Single Needle,9,Flat,,8,0.2,15,23,45,TRUE,184,26,FALSE
https://doi.org/10.1016/j.eurpolymj.2004.10.027,PVA,FALSE,WATER,"[{""solventName"": ""WATER"", ""weight"": null, ""weightUnit"": ""gram"", ""volumeRatio"": 100.0, ""volumeRatioUnit"": ""v/v""}]",8,wt%,Single Needle,9,Flat,,8,0.2,15,23,45,TRUE,246,50,FALSE
https://doi.org/10.1016/j.eurpolymj.2004.10.027,PVA,FALSE,WATER,"[{""solventName"": ""WATER"", ""weight"": null, ""weightUnit"": ""gram"", ""volumeRatio"": 100.0, ""volumeRatioUnit"": ""v/v""}]",8,wt%,Single Needle,9,Flat,,5,0.2,10,23,45,TRUE,214,19,FALSE
https://doi.org/10.1016/j.eurpolymj.2004.10.027,PVA,FALSE,WATER,"[{""solventName"": ""WATER"", ""weight"": null, ""weightUnit"": ""gram"", ""volumeRatio"": 100.0, ""volumeRatioUnit"": ""v/v""}]",8,wt%,Single Needle,9,Flat,,5,0.2,10,23,45,TRUE,190,19,FALSE
https://doi.org/10.1016/j.eurpolymj.2004.10.027,PVA,FALSE,WATER,"[{""solventName"": ""WATER"", ""weight"": null, ""weightUnit"": ""gram"", ""volumeRatio"": 100.0, ""volumeRatioUnit"": ""v/v""}]",8,wt%,Single Needle,9,Flat,,5,0.2,10,23,45,TRUE,158,19,FALSE
https://doi.org/10.1016/j.eurpolymj.2004.10.027,PVA,FALSE,WATER,"[{""solventName"": ""WATER"", ""weight"": null, ""weightUnit"": ""gram"", ""volumeRatio"": 100.0, ""volumeRatioUnit"": ""v/v""}]",8,wt%,Single Needle,9,Flat,,5,0.2,10,23,45,TRUE,159,21,FALSE
https://doi.org/10.1016/j.molliq.2023.122819,PVA,FALSE,WATER,"[{""solventName"": ""WATER"", ""weight"": null, ""weightUnit"": ""gram"", ""volumeRatio"": 100.0, ""volumeRatioUnit"": ""v/v""}]",5,wt%,Single Needle,18,Flat,,17.75,1.2,15,23,26,TRUE,205,30,FALSE
https://doi.org/10.1016/j.molliq.2023.122819,PVA,FALSE,WATER,"[{""solventName"": ""WATER"", ""weight"": null, ""weightUnit"": ""gram"", ""volumeRatio"": 100.0, ""volumeRatioUnit"": ""v/v""}]",10,wt%,Single Needle,18,Flat,,17.75,1.2,15,23,26,TRUE,696,110,FALSE
https://doi.org/10.1016/j.molliq.2023.122819,PVA,FALSE,WATER,"[{""solventName"": ""WATER"", ""weight"": null, ""weightUnit"": ""gram"", ""volumeRatio"": 100.0, ""volumeRatioUnit"": ""v/v""}]",15,wt%,Single Needle,18,Flat,,17.75,1.2,15,23,26,TRUE,468,71,FALSE
https://doi.org/10.1016/j.molliq.2023.122819,PVA,FALSE,WATER,"[{""solventName"": ""WATER"", ""weight"": null, ""weightUnit"": ""gram"", ""volumeRatio"": 100.0, ""volumeRatioUnit"": ""v/v""}]",20,wt%,Single Needle,18,Flat,,17.75,1.2,15,23,26,TRUE,170,18,FALSE
https://doi.org/10.1016/j.molliq.2023.122819,PVA,FALSE,WATER,"[{""solventName"": ""WATER"", ""weight"": null, ""weightUnit"": ""gram"", ""volumeRatio"": 100.0, ""volumeRatioUnit"": ""v/v""}]",25,wt%,Single Needle,18,Flat,,17.75,1.2,15,23,26,TRUE,444,31,FALSE
https://doi.org/10.1016/j.molliq.2023.122819,PVA,FALSE,WATER,"[{""solventName"": ""WATER"", ""weight"": null, ""weightUnit"": ""gram"", ""volumeRatio"": 100.0, ""volumeRatioUnit"": ""v/v""}]",5,wt%,Single Needle,18,Flat,,17.75,1.2,15,23,26,TRUE,571,59,FALSE
https://doi.org/10.1016/j.molliq.2023.122819,PVA,FALSE,WATER,"[{""solventName"": ""WATER"", ""weight"": null, ""weightUnit"": ""gram"", ""volumeRatio"": 100.0, ""volumeRatioUnit"": ""v/v""}]",10,wt%,Single Needle,18,Flat,,17.75,1.2,15,23,26,TRUE,378,33,FALSE
https://doi.org/10.1016/j.molliq.2023.122819,PVA,FALSE,WATER,"[{""solventName"": ""WATER"", ""weight"": null, ""weightUnit"": ""gram"", ""volumeRatio"": 100.0, ""volumeRatioUnit"": ""v/v""}]",10,wt%,Single Needle,18,Flat,,17.75,1.2,15,23,26,TRUE,458,126,FALSE
https://doi.org/10.3390/nano10061221,PVDF,TRUE,DMSO-ACETONE,"[{""solventName"": ""DMSO"", ""weight"": null, ""weightUnit"": ""gram"", ""volumeRatio"": 70.0, ""volumeRatioUnit"": ""v/v""}, {""solventName"": ""ACETONE"", ""weight"": null, ""weightUnit"": ""gram"", ""volumeRatio"": 30.0, ""volumeRatioUnit"": ""v/v""}]",20,wt%,Single Needle,17,Rolling Drum,2000,25,1.08,20,23,45,TRUE,1343,109,TRUE
https://doi.org/10.3390/nano10061221,PVDF,TRUE,DMSO-ACETONE,"[{""solventName"": ""DMSO"", ""weight"": null, ""weightUnit"": ""gram"", ""volumeRatio"": 70.0, ""volumeRatioUnit"": ""v/v""}, {""solventName"": ""ACETONE"", ""weight"": null, ""weightUnit"": ""gram"", ""volumeRatio"": 30.0, ""volumeRatioUnit"": ""v/v""}]",20,wt%,Single Needle,17,Rolling Drum,2000,25,1.08,25,23,45,TRUE,1292,122,TRUE
https://doi.org/10.3390/nano10061221,PVDF,TRUE,DMSO-ACETONE,"[{""solventName"": ""DMSO"", ""weight"": null, ""weightUnit"": ""gram"", ""volumeRatio"": 70.0, ""volumeRatioUnit"": ""v/v""}, {""solventName"": ""ACETONE"", ""weight"": null, ""weightUnit"": ""gram"", ""volumeRatio"": 30.0, ""volumeRatioUnit"": ""v/v""}]",20,wt%,Single Needle,17,Rolling Drum,2000,35,1.08,15,23,45,TRUE,958,64,FALSE
https://doi.org/10.3390/nano10061221,PVDF,TRUE,DMSO-ACETONE,"[{""solventName"": ""DMSO"", ""weight"": null, ""weightUnit"": ""gram"", ""volumeRatio"": 70.0, ""volumeRatioUnit"": ""v/v""}, {""solventName"": ""ACETONE"", ""weight"": null, ""weightUnit"": ""gram"", ""volumeRatio"": 30.0, ""volumeRatioUnit"": ""v/v""}]",20,wt%,Single Needle,17,Rolling Drum,2000,35,1.08,20,23,45,TRUE,1026,90,FALSE
https://doi.org/10.3390/nano10061221,PVDF,TRUE,DMSO-ACETONE,"[{""solventName"": ""DMSO"", ""weight"": null, ""weightUnit"": ""gram"", ""volumeRatio"": 70.0, ""volumeRatioUnit"": ""v/v""}, {""solventName"": ""ACETONE"", ""weight"": null, ""weightUnit"": ""gram"", ""volumeRatio"": 30.0, ""volumeRatioUnit"": ""v/v""}]",20,wt%,Single Needle,17,Rolling Drum,2000,35,1.08,25,23,45,TRUE,994,127,FALSE
https://doi.org/10.3390/nano10061221,PVDF,TRUE,DMSO-ACETONE,"[{""solventName"": ""DMSO"", ""weight"": null, ""weightUnit"": ""gram"", ""volumeRatio"": 70.0, ""volumeRatioUnit"": ""v/v""}, {""solventName"": ""ACETONE"", ""weight"": null, ""weightUnit"": ""gram"", ""volumeRatio"": 30.0, ""volumeRatioUnit"": ""v/v""}]",20,wt%,Single Needle,17,Rolling Drum,2000,45,1.08,15,23,45,TRUE,1169,58,FALSE
https://doi.org/10.3390/nano10061221,PVDF,TRUE,DMSO-ACETONE,"[{""solventName"": ""DMSO"", ""weight"": null, ""weightUnit"": ""gram"", ""volumeRatio"": 70.0, ""volumeRatioUnit"": ""v/v""}, {""solventName"": ""ACETONE"", ""weight"": null, ""weightUnit"": ""gram"", ""volumeRatio"": 30.0, ""volumeRatioUnit"": ""v/v""}]",20,wt%,Single Needle,17,Rolling Drum,2000,45,1.08,20,23,45,TRUE,1392,75,TRUE
https://doi.org/10.3390/nano10061221,PVDF,TRUE,DMSO-ACETONE,"[{""solventName"": ""DMSO"", ""weight"": null, ""weightUnit"": ""gram"", ""volumeRatio"": 70.0, ""volumeRatioUnit"": ""v/v""}, {""solventName"": ""ACETONE"", ""weight"": null, ""weightUnit"": ""gram"", ""volumeRatio"": 30.0, ""volumeRatioUnit"": ""v/v""}]",20,wt%,Single Needle,17,Rolling Drum,2000,45,1.08,25,23,45,TRUE,1012,82,FALSE
https://doi.org/10.3390/nano10061221,PVDF,TRUE,DMSO-ACETONE,"[{""solventName"": ""DMSO"", ""weight"": null, ""weightUnit"": ""gram"", ""volumeRatio"": 70.0, ""volumeRatioUnit"": ""v/v""}, {""solventName"": ""ACETONE"", ""weight"": null, ""weightUnit"": ""gram"", ""volumeRatio"": 30.0, ""volumeRatioUnit"": ""v/v""}]",20,wt%,Single Needle,17,Rolling Drum,2000,50,1.08,15,23,45,TRUE,709,42,FALSE
https://doi.org/10.3390/nano10061221,PVDF,TRUE,DMSO-ACETONE,"[{""solventName"": ""DMSO"", ""weight"": null, ""weightUnit"": ""gram"", ""volumeRatio"": 70.0, ""volumeRatioUnit"": ""v/v""}, {""solventName"": ""ACETONE"", ""weight"": null, ""weightUnit"": ""gram"", ""volumeRatio"": 30.0, ""volumeRatioUnit"": ""v/v""}]",20,wt%,Single Needle,17,Rolling Drum,2000,50,1.08,20,23,45,TRUE,678,39,FALSE
https://doi.org/10.3390/nano10061221,PVDF,TRUE,DMSO-ACETONE,"[{""solventName"": ""DMSO"", ""weight"": null, ""weightUnit"": ""gram"", ""volumeRatio"": 70.0, ""volumeRatioUnit"": ""v/v""}, {""solventName"": ""ACETONE"", ""weight"": null, ""weightUnit"": ""gram"", ""volumeRatio"": 30.0, ""volumeRatioUnit"": ""v/v""}]",20,wt%,Single Needle,17,Rolling Drum,2000,50,1.08,25,23,45,TRUE,666,44,FALSE
https://doi.org/10.1016/j.memsci.2018.06.050,PVDF,TRUE,DMF-ACETONE,"[{""solventName"": ""DMF"", ""weight"": null, ""weightUnit"": ""gram"", ""volumeRatio"": 60.0, ""volumeRatioUnit"": ""v/v""}, {""solventName"": ""ACETONE"", ""weight"": null, ""weightUnit"": ""gram"", ""volumeRatio"": 40.0, ""volumeRatioUnit"": ""v/v""}]",10,wt%,Single Needle,22,Rolling Drum,250,11.5,0.8,18,23,45,TRUE,415,139,FALSE
https://doi.org/10.1016/j.memsci.2018.06.050,PVDF,TRUE,DMSO-ACETONE,"[{""solventName"": ""DMSO"", ""weight"": null, ""weightUnit"": ""gram"", ""volumeRatio"": 60.0, ""volumeRatioUnit"": ""v/v""}, {""solventName"": ""ACETONE"", ""weight"": null, ""weightUnit"": ""gram"", ""volumeRatio"": 40.0, ""volumeRatioUnit"": ""v/v""}]",10,wt%,Single Needle,22,Rolling Drum,250,11.5,0.8,18,23,45,TRUE,625,113,FALSE
https://doi.org/10.1016/j.memsci.2018.06.050,PVDF,TRUE,NMP-ACETONE,"[{""solventName"": ""NMP"", ""weight"": null, ""weightUnit"": ""gram"", ""volumeRatio"": 60.0, ""volumeRatioUnit"": ""v/v""}, {""solventName"": ""ACETONE"", ""weight"": null, ""weightUnit"": ""gram"", ""volumeRatio"": 40.0, ""volumeRatioUnit"": ""v/v""}]",10,wt%,Single Needle,22,Rolling Drum,250,11.5,0.8,18,23,45,TRUE,521,313,FALSE
doi:10.1016/j.compositesb.2019.01.094,PVP,FALSE,ETHANOL,"[{""solventName"": ""ETHANOL"", ""weight"": null, ""weightUnit"": ""gram"", ""volumeRatio"": 100.0, ""volumeRatioUnit"": ""v/v""}]",14,wt%,Single Needle,22,Flat,,10,4,18,,45,TRUE,1407,,TRUE
doi:10.1016/j.compositesb.2019.01.094,PVP,FALSE,ETHANOL,"[{""solventName"": ""ETHANOL"", ""weight"": null, ""weightUnit"": ""gram"", ""volumeRatio"": 100.0, ""volumeRatioUnit"": ""v/v""}]",10,wt%,Single Needle,22,Flat,,16,10,14,,45,TRUE,308,,FALSE
doi:10.1016/j.compositesb.2019.01.094,PVP,FALSE,ETHANOL,"[{""solventName"": ""ETHANOL"", ""weight"": null, ""weightUnit"": ""gram"", ""volumeRatio"": 100.0, ""volumeRatioUnit"": ""v/v""}]",14,wt%,Single Needle,22,Flat,,22,4,10,,45,TRUE,634,,FALSE
doi:10.1016/j.compositesb.2019.01.094,PVP,FALSE,ETHANOL,"[{""solventName"": ""ETHANOL"", ""weight"": null, ""weightUnit"": ""gram"", ""volumeRatio"": 100.0, ""volumeRatioUnit"": ""v/v""}]",6,wt%,Single Needle,22,Flat,,22,4,10,,45,TRUE,236,,FALSE
doi:10.1016/j.compositesb.2019.01.094,PVP,FALSE,ETHANOL,"[{""solventName"": ""ETHANOL"", ""weight"": null, ""weightUnit"": ""gram"", ""volumeRatio"": 100.0, ""volumeRatioUnit"": ""v/v""}]",14,wt%,Single Needle,22,Flat,,10,16,10,,45,TRUE,7311,,TRUE
doi:10.1016/j.compositesb.2019.01.094,PVP,FALSE,ETHANOL,"[{""solventName"": ""ETHANOL"", ""weight"": null, ""weightUnit"": ""gram"", ""volumeRatio"": 100.0, ""volumeRatioUnit"": ""v/v""}]",6,wt%,Single Needle,22,Flat,,22,16,10,,45,TRUE,168,,FALSE
doi:10.1016/j.compositesb.2019.01.094,PVP,FALSE,ETHANOL,"[{""solventName"": ""ETHANOL"", ""weight"": null, ""weightUnit"": ""gram"", ""volumeRatio"": 100.0, ""volumeRatioUnit"": ""v/v""}]",6,wt%,Single Needle,22,Flat,,22,4,18,,45,TRUE,144,,FALSE
doi:10.1016/j.compositesb.2019.01.094,PVP,FALSE,ETHANOL,"[{""solventName"": ""ETHANOL"", ""weight"": null, ""weightUnit"": ""gram"", ""volumeRatio"": 100.0, ""volumeRatioUnit"": ""v/v""}]",14,wt%,Single Needle,22,Flat,,22,4,10,,45,TRUE,2241,,TRUE
doi:10.1016/j.compositesb.2019.01.094,PVP,FALSE,ETHANOL,"[{""solventName"": ""ETHANOL"", ""weight"": null, ""weightUnit"": ""gram"", ""volumeRatio"": 100.0, ""volumeRatioUnit"": ""v/v""}]",6,wt%,Single Needle,22,Flat,,10,16,18,,45,TRUE,83,,FALSE
doi:10.1016/j.compositesb.2019.01.094,PVP,FALSE,ETHANOL,"[{""solventName"": ""ETHANOL"", ""weight"": null, ""weightUnit"": ""gram"", ""volumeRatio"": 100.0, ""volumeRatioUnit"": ""v/v""}]",6,wt%,Single Needle,22,Flat,,10,16,10,,45,TRUE,247,,FALSE
doi:10.1016/j.compositesb.2019.01.094,PVP,FALSE,ETHANOL,"[{""solventName"": ""ETHANOL"", ""weight"": null, ""weightUnit"": ""gram"", ""volumeRatio"": 100.0, ""volumeRatioUnit"": ""v/v""}]",10,wt%,Single Needle,22,Flat,,16,10,14,,45,TRUE,288,,FALSE
doi:10.1016/j.compositesb.2019.01.094,PVP,FALSE,ETHANOL,"[{""solventName"": ""ETHANOL"", ""weight"": null, ""weightUnit"": ""gram"", ""volumeRatio"": 100.0, ""volumeRatioUnit"": ""v/v""}]",10,wt%,Single Needle,22,Flat,,16,10,14,,45,TRUE,354,,FALSE
doi:10.1016/j.compositesb.2019.01.094,PVP,FALSE,ETHANOL,"[{""solventName"": ""ETHANOL"", ""weight"": null, ""weightUnit"": ""gram"", ""volumeRatio"": 100.0, ""volumeRatioUnit"": ""v/v""}]",10,wt%,Single Needle,22,Flat,,16,10,14,,45,TRUE,1122,,FALSE
doi:10.1016/j.compositesb.2019.01.094,PVP,FALSE,ETHANOL,"[{""solventName"": ""ETHANOL"", ""weight"": null, ""weightUnit"": ""gram"", ""volumeRatio"": 100.0, ""volumeRatioUnit"": ""v/v""}]",14,wt%,Single Needle,22,Flat,,22,16,10,,45,TRUE,1002,,FALSE
doi:10.1016/j.compositesb.2019.01.094,PVP,FALSE,ETHANOL,"[{""solventName"": ""ETHANOL"", ""weight"": null, ""weightUnit"": ""gram"", ""volumeRatio"": 100.0, ""volumeRatioUnit"": ""v/v""}]",6,wt%,Single Needle,22,Flat,,22,16,18,,45,TRUE,203,,FALSE
doi:10.1016/j.compositesb.2019.01.094,PVP,FALSE,ETHANOL,"[{""solventName"": ""ETHANOL"", ""weight"": null, ""weightUnit"": ""gram"", ""volumeRatio"": 100.0, ""volumeRatioUnit"": ""v/v""}]",14,wt%,Single Needle,22,Flat,,10,16,10,,45,TRUE,4948,,TRUE
doi:10.1016/j.compositesb.2019.01.094,PVP,FALSE,ETHANOL,"[{""solventName"": ""ETHANOL"", ""weight"": null, ""weightUnit"": ""gram"", ""volumeRatio"": 100.0, ""volumeRatioUnit"": ""v/v""}]",6,wt%,Single Needle,22,Flat,,22,4,10,,45,TRUE,207,,FALSE
doi:10.1016/j.compositesb.2019.01.094,PVP,FALSE,ETHANOL,"[{""solventName"": ""ETHANOL"", ""weight"": null, ""weightUnit"": ""gram"", ""volumeRatio"": 100.0, ""volumeRatioUnit"": ""v/v""}]",14,wt%,Single Needle,22,Flat,,22,16,18,,45,TRUE,2329,,TRUE
doi:10.1016/j.compositesb.2019.01.094,PVP,FALSE,ETHANOL,"[{""solventName"": ""ETHANOL"", ""weight"": null, ""weightUnit"": ""gram"", ""volumeRatio"": 100.0, ""volumeRatioUnit"": ""v/v""}]",6,wt%,Single Needle,22,Flat,,22,4,18,,45,TRUE,209,,FALSE
doi:10.1016/j.compositesb.2019.01.094,PVP,FALSE,ETHANOL,"[{""solventName"": ""ETHANOL"", ""weight"": null, ""weightUnit"": ""gram"", ""volumeRatio"": 100.0, ""volumeRatioUnit"": ""v/v""}]",14,wt%,Single Needle,22,Flat,,22,4,18,,45,TRUE,6285,,TRUE
doi:10.1016/j.compositesb.2019.01.094,PVP,FALSE,ETHANOL,"[{""solventName"": ""ETHANOL"", ""weight"": null, ""weightUnit"": ""gram"", ""volumeRatio"": 100.0, ""volumeRatioUnit"": ""v/v""}]",10,wt%,Single Needle,22,Flat,,16,10,14,,45,TRUE,349,,FALSE
doi:10.1016/j.compositesb.2019.01.094,PVP,FALSE,ETHANOL,"[{""solventName"": ""ETHANOL"", ""weight"": null, ""weightUnit"": ""gram"", ""volumeRatio"": 100.0, ""volumeRatioUnit"": ""v/v""}]",18,wt%,Single Needle,22,Flat,,16,10,14,,45,TRUE,9823,,TRUE
doi:10.1016/j.compositesb.2019.01.094,PVP,FALSE,ETHANOL,"[{""solventName"": ""ETHANOL"", ""weight"": null, ""weightUnit"": ""gram"", ""volumeRatio"": 100.0, ""volumeRatioUnit"": ""v/v""}]",10,wt%,Single Needle,22,Flat,,16,10,14,,45,TRUE,279,,FALSE
doi:10.1016/j.compositesb.2019.01.094,PVP,FALSE,ETHANOL,"[{""solventName"": ""ETHANOL"", ""weight"": null, ""weightUnit"": ""gram"", ""volumeRatio"": 100.0, ""volumeRatioUnit"": ""v/v""}]",6,wt%,Single Needle,22,Flat,,22,16,18,,45,TRUE,181,,FALSE
doi:10.1016/j.compositesb.2019.01.094,PVP,FALSE,ETHANOL,"[{""solventName"": ""ETHANOL"", ""weight"": null, ""weightUnit"": ""gram"", ""volumeRatio"": 100.0, ""volumeRatioUnit"": ""v/v""}]",14,wt%,Single Needle,22,Flat,,10,16,18,,45,TRUE,3121,,TRUE
doi:10.1016/j.compositesb.2019.01.094,PVP,FALSE,ETHANOL,"[{""solventName"": ""ETHANOL"", ""weight"": null, ""weightUnit"": ""gram"", ""volumeRatio"": 100.0, ""volumeRatioUnit"": ""v/v""}]",10,wt%,Single Needle,22,Flat,,16,10,6,,45,TRUE,675,,FALSE
doi:10.1016/j.compositesb.2019.01.094,PVP,FALSE,ETHANOL,"[{""solventName"": ""ETHANOL"", ""weight"": null, ""weightUnit"": ""gram"", ""volumeRatio"": 100.0, ""volumeRatioUnit"": ""v/v""}]",6,wt%,Single Needle,22,Flat,,10,4,10,,45,TRUE,232,,FALSE
doi:10.1016/j.compositesb.2019.01.094,PVP,FALSE,ETHANOL,"[{""solventName"": ""ETHANOL"", ""weight"": null, ""weightUnit"": ""gram"", ""volumeRatio"": 100.0, ""volumeRatioUnit"": ""v/v""}]",10,wt%,Single Needle,22,Flat,,16,10,14,,45,TRUE,315,,FALSE
doi:10.1016/j.compositesb.2019.01.094,PVP,FALSE,ETHANOL,"[{""solventName"": ""ETHANOL"", ""weight"": null, ""weightUnit"": ""gram"", ""volumeRatio"": 100.0, ""volumeRatioUnit"": ""v/v""}]",14,wt%,Single Needle,22,Flat,,10,4,10,,45,TRUE,766,,FALSE
doi:10.1016/j.compositesb.2019.01.094,PVP,FALSE,ETHANOL,"[{""solventName"": ""ETHANOL"", ""weight"": null, ""weightUnit"": ""gram"", ""volumeRatio"": 100.0, ""volumeRatioUnit"": ""v/v""}]",6,wt%,Single Needle,22,Flat,,10,16,10,,45,TRUE,112,,FALSE
doi:10.1016/j.compositesb.2019.01.094,PVP,FALSE,ETHANOL,"[{""solventName"": ""ETHANOL"", ""weight"": null, ""weightUnit"": ""gram"", ""volumeRatio"": 100.0, ""volumeRatioUnit"": ""v/v""}]",10,wt%,Single Needle,22,Flat,,16,22,14,,45,TRUE,404,,FALSE
doi:10.1016/j.compositesb.2019.01.094,PVP,FALSE,ETHANOL,"[{""solventName"": ""ETHANOL"", ""weight"": null, ""weightUnit"": ""gram"", ""volumeRatio"": 100.0, ""volumeRatioUnit"": ""v/v""}]",6,wt%,Single Needle,22,Flat,,10,4,10,,45,TRUE,155,,FALSE
doi:10.1016/j.compositesb.2019.01.094,PVP,FALSE,ETHANOL,"[{""solventName"": ""ETHANOL"", ""weight"": null, ""weightUnit"": ""gram"", ""volumeRatio"": 100.0, ""volumeRatioUnit"": ""v/v""}]",14,wt%,Single Needle,22,Flat,,10,4,18,,45,TRUE,6806,,TRUE
doi:10.1016/j.compositesb.2019.01.094,PVP,FALSE,ETHANOL,"[{""solventName"": ""ETHANOL"", ""weight"": null, ""weightUnit"": ""gram"", ""volumeRatio"": 100.0, ""volumeRatioUnit"": ""v/v""}]",10,wt%,Single Needle,22,Flat,,16,10,14,,45,TRUE,357,,FALSE
doi:10.1016/j.compositesb.2019.01.094,PVP,FALSE,ETHANOL,"[{""solventName"": ""ETHANOL"", ""weight"": null, ""weightUnit"": ""gram"", ""volumeRatio"": 100.0, ""volumeRatioUnit"": ""v/v""}]",10,wt%,Single Needle,22,Flat,,28,10,14,,45,TRUE,354,,FALSE
doi:10.1016/j.compositesb.2019.01.094,PVP,FALSE,ETHANOL,"[{""solventName"": ""ETHANOL"", ""weight"": null, ""weightUnit"": ""gram"", ""volumeRatio"": 100.0, ""volumeRatioUnit"": ""v/v""}]",6,wt%,Single Needle,22,Flat,,10,16,18,,45,TRUE,181,,FALSE
doi:10.1016/j.compositesb.2019.01.094,PVP,FALSE,ETHANOL,"[{""solventName"": ""ETHANOL"", ""weight"": null, ""weightUnit"": ""gram"", ""volumeRatio"": 100.0, ""volumeRatioUnit"": ""v/v""}]",10,wt%,Single Needle,22,Flat,,16,10,14,,45,TRUE,370,,FALSE
doi:10.1016/j.compositesb.2019.01.094,PVP,FALSE,ETHANOL,"[{""solventName"": ""ETHANOL"", ""weight"": null, ""weightUnit"": ""gram"", ""volumeRatio"": 100.0, ""volumeRatioUnit"": ""v/v""}]",14,wt%,Single Needle,22,Flat,,22,16,10,,45,TRUE,843,,FALSE
doi:10.1016/j.compositesb.2019.01.094,PVP,FALSE,ETHANOL,"[{""solventName"": ""ETHANOL"", ""weight"": null, ""weightUnit"": ""gram"", ""volumeRatio"": 100.0, ""volumeRatioUnit"": ""v/v""}]",14,wt%,Single Needle,22,Flat,,10,4,10,,45,TRUE,1019,,FALSE
doi:10.1016/j.compositesb.2019.01.094,PVP,FALSE,ETHANOL,"[{""solventName"": ""ETHANOL"", ""weight"": null, ""weightUnit"": ""gram"", ""volumeRatio"": 100.0, ""volumeRatioUnit"": ""v/v""}]",6,wt%,Single Needle,22,Flat,,22,16,10,,45,TRUE,151,,FALSE
doi:10.1016/j.compositesb.2019.01.094,PVP,FALSE,ETHANOL,"[{""solventName"": ""ETHANOL"", ""weight"": null, ""weightUnit"": ""gram"", ""volumeRatio"": 100.0, ""volumeRatioUnit"": ""v/v""}]",6,wt%,Single Needle,22,Flat,,10,4,18,,45,TRUE,132,,FALSE
doi:10.1016/j.compositesb.2019.01.094,PVP,FALSE,ETHANOL,"[{""solventName"": ""ETHANOL"", ""weight"": null, ""weightUnit"": ""gram"", ""volumeRatio"": 100.0, ""volumeRatioUnit"": ""v/v""}]",14,wt%,Single Needle,22,Flat,,22,4,18,,45,TRUE,642,,FALSE
doi:10.1016/j.compositesb.2019.01.094,PVP,FALSE,ETHANOL,"[{""solventName"": ""ETHANOL"", ""weight"": null, ""weightUnit"": ""gram"", ""volumeRatio"": 100.0, ""volumeRatioUnit"": ""v/v""}]",14,wt%,Single Needle,22,Flat,,22,16,18,,45,TRUE,4546,,TRUE
doi:10.1016/j.compositesb.2019.01.094,PVP,FALSE,ETHANOL,"[{""solventName"": ""ETHANOL"", ""weight"": null, ""weightUnit"": ""gram"", ""volumeRatio"": 100.0, ""volumeRatioUnit"": ""v/v""}]",10,wt%,Single Needle,22,Flat,,16,10,22,,45,TRUE,255,,FALSE
doi:10.1016/j.compositesb.2019.01.094,PVP,FALSE,ETHANOL,"[{""solventName"": ""ETHANOL"", ""weight"": null, ""weightUnit"": ""gram"", ""volumeRatio"": 100.0, ""volumeRatioUnit"": ""v/v""}]",6,wt%,Single Needle,22,Flat,,10,4,18,,45,TRUE,143,,FALSE
doi:10.1016/j.compositesb.2019.01.094,PVP,FALSE,ETHANOL,"[{""solventName"": ""ETHANOL"", ""weight"": null, ""weightUnit"": ""gram"", ""volumeRatio"": 100.0, ""volumeRatioUnit"": ""v/v""}]",14,wt%,Single Needle,22,Flat,,10,16,18,,45,TRUE,13080,,TRUE
https://doi.org/10.3390/polym15030731,PVP,FALSE,DMF,"[{""solventName"": ""DMF"", ""weight"": null, ""weightUnit"": ""gram"", ""volumeRatio"": 100.0, ""volumeRatioUnit"": ""v/v""}]",10,wt%,Single Needle,26,Flat,,20,0.1,15,27,21,TRUE,329,70,FALSE
https://doi.org/10.3390/polym15030731,PVP,FALSE,DMF,"[{""solventName"": ""DMF"", ""weight"": null, ""weightUnit"": ""gram"", ""volumeRatio"": 100.0, ""volumeRatioUnit"": ""v/v""}]",10,wt%,Single Needle,26,Flat,,23,0.1,15,27,21,TRUE,268,48,FALSE
https://doi.org/10.3390/polym15030731,PVP,FALSE,DMF,"[{""solventName"": ""DMF"", ""weight"": null, ""weightUnit"": ""gram"", ""volumeRatio"": 100.0, ""volumeRatioUnit"": ""v/v""}]",10,wt%,Single Needle,26,Flat,,23,0.1,12,27,21,TRUE,271,55,FALSE
https://doi.org/10.3390/polym15030731,PVP,FALSE,DMF,"[{""solventName"": ""DMF"", ""weight"": null, ""weightUnit"": ""gram"", ""volumeRatio"": 100.0, ""volumeRatioUnit"": ""v/v""}]",10,wt%,Single Needle,26,Flat,,23,0.3,15,27,21,TRUE,279,51,FALSE
https://doi.org/10.3390/polym15030731,PVP,FALSE,DMF,"[{""solventName"": ""DMF"", ""weight"": null, ""weightUnit"": ""gram"", ""volumeRatio"": 100.0, ""volumeRatioUnit"": ""v/v""}]",10,wt%,Single Needle,21,Flat,,23,0.1,15,27,21,TRUE,287,92,FALSE
https://doi.org/10.3390/polym15030731,PVP,FALSE,DMF,"[{""solventName"": ""DMF"", ""weight"": null, ""weightUnit"": ""gram"", ""volumeRatio"": 100.0, ""volumeRatioUnit"": ""v/v""}]",10,wt%,Single Needle,21,Flat,,20,0.3,15,27,21,TRUE,360.7,85,FALSE
https://doi.org/10.3390/polym15030731,PVP,FALSE,DMF,"[{""solventName"": ""DMF"", ""weight"": null, ""weightUnit"": ""gram"", ""volumeRatio"": 100.0, ""volumeRatioUnit"": ""v/v""}]",10,wt%,Single Needle,21,Rolling Drum,,20,0.3,15,27,21,TRUE,358,74,FALSE
https://doi.org/10.3390/polym15030731,PVP,FALSE,DMF,"[{""solventName"": ""DMF"", ""weight"": null, ""weightUnit"": ""gram"", ""volumeRatio"": 100.0, ""volumeRatioUnit"": ""v/v""}]",10,wt%,Single Needle,21,Rolling Drum,,20,0.3,15,27,21,TRUE,348,70,FALSE
https://doi.org/10.3390/polym15030731,PVP,FALSE,DMF,"[{""solventName"": ""DMF"", ""weight"": null, ""weightUnit"": ""gram"", ""volumeRatio"": 100.0, ""volumeRatioUnit"": ""v/v""}]",10,wt%,Single Needle,21,Rolling Drum,,20,0.3,15,27,21,TRUE,346,62,FALSE
https://doi.org/10.1016/j.molliq.2023.122819,PVP,FALSE,WATER,"[{""solventName"": ""WATER"", ""weight"": null, ""weightUnit"": ""gram"", ""volumeRatio"": 100.0, ""volumeRatioUnit"": ""v/v""}]",20,wt%,Single Needle,18,Flat,,17.75,1.2,15,23,26,TRUE,546,47,FALSE
https://doi.org/10.1016/j.molliq.2023.122819,PVP,FALSE,WATER,"[{""solventName"": ""WATER"", ""weight"": null, ""weightUnit"": ""gram"", ""volumeRatio"": 100.0, ""volumeRatioUnit"": ""v/v""}]",25,wt%,Single Needle,18,Flat,,17.75,1.2,15,23,26,TRUE,460,84,FALSE
https://www.sciencedirect.com/science/article/pii/S0927776511005522,Y_PGA,FALSE,TFA,"[{""solventName"": ""TFA"", ""weight"": null, ""weightUnit"": ""gram"", ""volumeRatio"": 100.0, ""volumeRatioUnit"": ""v/v""}]",16,wt%,Single Needle,20,Flat,,32,0.3,40,22,40,TRUE,255,53,FALSE
https://www.sciencedirect.com/science/article/pii/S0927776511005522,Y_PGA,FALSE,TFA,"[{""solventName"": ""TFA"", ""weight"": null, ""weightUnit"": ""gram"", ""volumeRatio"": 100.0, ""volumeRatioUnit"": ""v/v""}]",18,wt%,Single Needle,20,Flat,,32,0.3,40,22,40,TRUE,319,97,FALSE
https://www.sciencedirect.com/science/article/pii/S0927776511005522,Y_PGA,FALSE,TFA,"[{""solventName"": ""TFA"", ""weight"": null, ""weightUnit"": ""gram"", ""volumeRatio"": 100.0, ""volumeRatioUnit"": ""v/v""}]",20,wt%,Single Needle,20,Flat,,32,0.3,40,22,40,TRUE,345,98,FALSE
https://www.sciencedirect.com/science/article/pii/S0927776511005522,Y_PGA,FALSE,TFA,"[{""solventName"": ""TFA"", ""weight"": null, ""weightUnit"": ""gram"", ""volumeRatio"": 100.0, ""volumeRatioUnit"": ""v/v""}]",16,wt%,Single Needle,20,Flat,,32,0.1,40,22,40,TRUE,240,57,FALSE
https://www.sciencedirect.com/science/article/pii/S0927776511005522,Y_PGA,FALSE,TFA,"[{""solventName"": ""TFA"", ""weight"": null, ""weightUnit"": ""gram"", ""volumeRatio"": 100.0, ""volumeRatioUnit"": ""v/v""}]",16,wt%,Single Needle,20,Flat,,32,0.5,40,22,40,TRUE,321,95,FALSE
https://www.sciencedirect.com/science/article/pii/S0927776511005522,Y_PGA,FALSE,TFA,"[{""solventName"": ""TFA"", ""weight"": null, ""weightUnit"": ""gram"", ""volumeRatio"": 100.0, ""volumeRatioUnit"": ""v/v""}]",16,wt%,Single Needle,20,Flat,,32,1,40,22,40,TRUE,428,201,FALSE
https://www.sciencedirect.com/science/article/pii/S0927776511005522,Y_PGA,FALSE,WATER,"[{""solventName"": ""WATER"", ""weight"": null, ""weightUnit"": ""gram"", ""volumeRatio"": 100.0, ""volumeRatioUnit"": ""v/v""}]",16,wt%,Single Needle,20,Flat,,32,0.3,40,22,40,TRUE,215,88,FALSE
https://www.sciencedirect.com/science/article/pii/S0927776511005522,Y_PGA,FALSE,TFA,"[{""solventName"": ""TFA"", ""weight"": null, ""weightUnit"": ""gram"", ""volumeRatio"": 100.0, ""volumeRatioUnit"": ""v/v""}]",16,wt%,Single Needle,20,Flat,,32,0.3,40,22,40,TRUE,186,33,FALSE
https://www.sciencedirect.com/science/article/pii/S0927776511005522,Y_PGA,FALSE,TFA,"[{""solventName"": ""TFA"", ""weight"": null, ""weightUnit"": ""gram"", ""volumeRatio"": 100.0, ""volumeRatioUnit"": ""v/v""}]",16,wt%,Single Needle,20,Flat,,32,0.3,40,22,40,TRUE,431,108,FALSE
https://www.sciencedirect.com/science/article/pii/S0927776511005522,Y_PGA,FALSE,TFA,"[{""solventName"": ""TFA"", ""weight"": null, ""weightUnit"": ""gram"", ""volumeRatio"": 100.0, ""volumeRatioUnit"": ""v/v""}]",16,wt%,Single Needle,20,Flat,,32,0.3,40,22,40,TRUE,603,109,FALSE
https://www.sciencedirect.com/science/article/pii/S0927776511005522,Y_PGA,FALSE,TFA,"[{""solventName"": ""TFA"", ""weight"": null, ""weightUnit"": ""gram"", ""volumeRatio"": 100.0, ""volumeRatioUnit"": ""v/v""}]",16,wt%,Single Needle,20,Flat,,32,0.3,40,22,40,TRUE,312,116,FALSE
https://www.sciencedirect.com/science/article/pii/S0927776511005522,Y_PGA,FALSE,TFA,"[{""solventName"": ""TFA"", ""weight"": null, ""weightUnit"": ""gram"", ""volumeRatio"": 100.0, ""volumeRatioUnit"": ""v/v""}]",16,wt%,Single Needle,20,Flat,,25,0.3,40,22,40,TRUE,321,114,FALSE
https://www.sciencedirect.com/science/article/pii/S0927776511005522,Y_PGA,FALSE,TFA,"[{""solventName"": ""TFA"", ""weight"": null, ""weightUnit"": ""gram"", ""volumeRatio"": 100.0, ""volumeRatioUnit"": ""v/v""}]",16,wt%,Single Needle,20,Flat,,30,0.3,40,22,40,TRUE,266,112,FALSE
https://www.sciencedirect.com/science/article/pii/S0927776511005522,Y_PGA,FALSE,TFA,"[{""solventName"": ""TFA"", ""weight"": null, ""weightUnit"": ""gram"", ""volumeRatio"": 100.0, ""volumeRatioUnit"": ""v/v""}]",16,wt%,Single Needle,20,Flat,,35,0.3,40,22,40,TRUE,278,74,FALSE
https://www.sciencedirect.com/science/article/pii/S0927776511005522,Y_PGA,FALSE,TFA,"[{""solventName"": ""TFA"", ""weight"": null, ""weightUnit"": ""gram"", ""volumeRatio"": 100.0, ""volumeRatioUnit"": ""v/v""}]",16,wt%,Single Needle,20,Flat,,32,0.3,25,22,40,TRUE,403,171,FALSE
https://www.sciencedirect.com/science/article/pii/S0927776511005522,Y_PGA,FALSE,TFA,"[{""solventName"": ""TFA"", ""weight"": null, ""weightUnit"": ""gram"", ""volumeRatio"": 100.0, ""volumeRatioUnit"": ""v/v""}]",16,wt%,Single Needle,20,Flat,,32,0.3,35,22,40,TRUE,252,83,FALSE
https://www.sciencedirect.com/science/article/pii/S0927776511005522,Y_PGA,FALSE,TFA,"[{""solventName"": ""TFA"", ""weight"": null, ""weightUnit"": ""gram"", ""volumeRatio"": 100.0, ""volumeRatioUnit"": ""v/v""}]",16,wt%,Single Needle,20,Flat,,32,0.3,50,22,40,TRUE,241,80,FALSE
https://www.sciencedirect.com/science/article/pii/S0927776511005522,Y_PGA,FALSE,TFA,"[{""solventName"": ""TFA"", ""weight"": null, ""weightUnit"": ""gram"", ""volumeRatio"": 100.0, ""volumeRatioUnit"": ""v/v""}]",16,wt%,Single Needle,20,Flat,,32,0.3,40,22,50,TRUE,273,102,FALSE
https://doi.org/10.1007/s40204-017-0071-0,PVDF,TRUE,DMAC-ACETONE,"[{""solventName"": ""DMAC"", ""weight"": null, ""weightUnit"": ""gram"", ""volumeRatio"": 50.0, ""volumeRatioUnit"": ""v/v""}, {""solventName"": ""ACETONE"", ""weight"": null, ""weightUnit"": ""gram"", ""volumeRatio"": 50.0, ""volumeRatioUnit"": ""v/v""}]",10.1,wt%,Single Needle,,Rolling Drum,1000,15,0.7,14,27,45,FALSE,,,FALSE
https://doi.org/10.1007/s40204-017-0071-0,PVDF,TRUE,DMAC-ACETONE,"[{""solventName"": ""DMAC"", ""weight"": null, ""weightUnit"": ""gram"", ""volumeRatio"": 50.0, ""volumeRatioUnit"": ""v/v""}, {""solventName"": ""ACETONE"", ""weight"": null, ""weightUnit"": ""gram"", ""volumeRatio"": 50.0, ""volumeRatioUnit"": ""v/v""}]",20.2,wt%,Single Needle,,Rolling Drum,1000,15,0.7,14,27,45,FALSE,,,FALSE
https://doi.org/10.1007/s40204-017-0071-0,PVDF,TRUE,DMAC-ACETONE,"[{""solventName"": ""DMAC"", ""weight"": null, ""weightUnit"": ""gram"", ""volumeRatio"": 50.0, ""volumeRatioUnit"": ""v/v""}, {""solventName"": ""ACETONE"", ""weight"": null, ""weightUnit"": ""gram"", ""volumeRatio"": 50.0, ""volumeRatioUnit"": ""v/v""}]",25.25,wt%,Single Needle,,Rolling Drum,1000,15,0.7,14,27,45,TRUE,472.9,,FALSE
https://doi.org/10.1007/s40204-017-0071-0,PVDF,TRUE,DMAC-ACETONE,"[{""solventName"": ""DMAC"", ""weight"": null, ""weightUnit"": ""gram"", ""volumeRatio"": 50.0, ""volumeRatioUnit"": ""v/v""}, {""solventName"": ""ACETONE"", ""weight"": null, ""weightUnit"": ""gram"", ""volumeRatio"": 50.0, ""volumeRatioUnit"": ""v/v""}]",30.3,wt%,Single Needle,,Rolling Drum,1000,15,0.7,14,27,45,TRUE,644.2,,FALSE
https://doi.org/10.1007/s40204-017-0071-0,PVDF,TRUE,DMAC-ACETONE,"[{""solventName"": ""DMAC"", ""weight"": null, ""weightUnit"": ""gram"", ""volumeRatio"": 50.0, ""volumeRatioUnit"": ""v/v""}, {""solventName"": ""ACETONE"", ""weight"": null, ""weightUnit"": ""gram"", ""volumeRatio"": 50.0, ""volumeRatioUnit"": ""v/v""}]",30.3,wt%,Single Needle,,Rolling Drum,1000,10,0.7,14,27,45,TRUE,308.4,,FALSE
https://doi.org/10.1007/s40204-017-0071-0,PVDF,TRUE,DMAC-ACETONE,"[{""solventName"": ""DMAC"", ""weight"": null, ""weightUnit"": ""gram"", ""volumeRatio"": 50.0, ""volumeRatioUnit"": ""v/v""}, {""solventName"": ""ACETONE"", ""weight"": null, ""weightUnit"": ""gram"", ""volumeRatio"": 50.0, ""volumeRatioUnit"": ""v/v""}]",30.3,wt%,Single Needle,,Rolling Drum,1000,20,0.7,14,27,45,TRUE,855.1,,FALSE
https://doi.org/10.1007/s40204-017-0071-0,PVDF,TRUE,DMAC-ACETONE,"[{""solventName"": ""DMAC"", ""weight"": null, ""weightUnit"": ""gram"", ""volumeRatio"": 50.0, ""volumeRatioUnit"": ""v/v""}, {""solventName"": ""ACETONE"", ""weight"": null, ""weightUnit"": ""gram"", ""volumeRatio"": 50.0, ""volumeRatioUnit"": ""v/v""}]",30.3,wt%,Single Needle,,Rolling Drum,1000,15,0.7,16,27,45,TRUE,509.8,,FALSE
https://doi.org/10.1007/s40204-017-0071-0,PVDF,TRUE,DMAC-ACETONE,"[{""solventName"": ""DMAC"", ""weight"": null, ""weightUnit"": ""gram"", ""volumeRatio"": 50.0, ""volumeRatioUnit"": ""v/v""}, {""solventName"": ""ACETONE"", ""weight"": null, ""weightUnit"": ""gram"", ""volumeRatio"": 50.0, ""volumeRatioUnit"": ""v/v""}]",30.3,wt%,Single Needle,,Rolling Drum,1000,15,0.7,18,27,45,TRUE,432.2,,FALSE
https://doi.org/10.1007/s40204-017-0071-0,PVDF,TRUE,DMAC-ACETONE,"[{""solventName"": ""DMAC"", ""weight"": null, ""weightUnit"": ""gram"", ""volumeRatio"": 50.0, ""volumeRatioUnit"": ""v/v""}, {""solventName"": ""ACETONE"", ""weight"": null, ""weightUnit"": ""gram"", ""volumeRatio"": 50.0, ""volumeRatioUnit"": ""v/v""}]",30.3,wt%,Single Needle,,Rolling Drum,1000,15,0.7,20,27,45,TRUE,264.4,,FALSE
https://doi.org/10.1007/s40204-017-0071-0,PVDF,TRUE,DMAC-ACETONE,"[{""solventName"": ""DMAC"", ""weight"": null, ""weightUnit"": ""gram"", ""volumeRatio"": 50.0, ""volumeRatioUnit"": ""v/v""}, {""solventName"": ""ACETONE"", ""weight"": null, ""weightUnit"": ""gram"", ""volumeRatio"": 50.0, ""volumeRatioUnit"": ""v/v""}]",30.3,wt%,Single Needle,,Rolling Drum,1000,15,0.3,18,27,45,TRUE,365.6,,FALSE
https://doi.org/10.1007/s40204-017-0071-0,PVDF,TRUE,DMAC-ACETONE,"[{""solventName"": ""DMAC"", ""weight"": null, ""weightUnit"": ""gram"", ""volumeRatio"": 50.0, ""volumeRatioUnit"": ""v/v""}, {""solventName"": ""ACETONE"", ""weight"": null, ""weightUnit"": ""gram"", ""volumeRatio"": 50.0, ""volumeRatioUnit"": ""v/v""}]",30.3,wt%,Single Needle,,Rolling Drum,1000,15,0.5,18,27,45,TRUE,520.6,,FALSE
https://doi.org/10.1007/s40204-017-0071-0,PVDF,TRUE,DMAC-ACETONE,"[{""solventName"": ""DMAC"", ""weight"": null, ""weightUnit"": ""gram"", ""volumeRatio"": 50.0, ""volumeRatioUnit"": ""v/v""}, {""solventName"": ""ACETONE"", ""weight"": null, ""weightUnit"": ""gram"", ""volumeRatio"": 50.0, ""volumeRatioUnit"": ""v/v""}]",30.3,wt%,Single Needle,,Rolling Drum,1500,15,0.5,18,27,45,TRUE,511.8,,FALSE
https://doi.org/10.1007/s40204-017-0071-0,PVDF,TRUE,DMAC-ACETONE,"[{""solventName"": ""DMAC"", ""weight"": null, ""weightUnit"": ""gram"", ""volumeRatio"": 50.0, ""volumeRatioUnit"": ""v/v""}, {""solventName"": ""ACETONE"", ""weight"": null, ""weightUnit"": ""gram"", ""volumeRatio"": 50.0, ""volumeRatioUnit"": ""v/v""}]",30.3,wt%,Single Needle,,Rolling Drum,2000,15,0.5,18,27,45,TRUE,313,,FALSE
https://doi.org/10.1007/s40204-017-0071-0,PVDF,TRUE,DMAC-ACETONE,"[{""solventName"": ""DMAC"", ""weight"": null, ""weightUnit"": ""gram"", ""volumeRatio"": 50.0, ""volumeRatioUnit"": ""v/v""}, {""solventName"": ""ACETONE"", ""weight"": null, ""weightUnit"": ""gram"", ""volumeRatio"": 50.0, ""volumeRatioUnit"": ""v/v""}]",30.3,wt%,Single Needle,,Rolling Drum,2500,15,0.5,18,27,45,TRUE,352.9,,FALSE
https://doi.org/10.1007/s40204-017-0071-0,PVDF,TRUE,DMAC-ACETONE,"[{""solventName"": ""DMAC"", ""weight"": null, ""weightUnit"": ""gram"", ""volumeRatio"": 50.0, ""volumeRatioUnit"": ""v/v""}, {""solventName"": ""ACETONE"", ""weight"": null, ""weightUnit"": ""gram"", ""volumeRatio"": 50.0, ""volumeRatioUnit"": ""v/v""}]",30.3,wt%,Single Needle,,Rolling Drum,3000,15,0.5,18,27,45,TRUE,462.5,,FALSE
https://doi.org/10.1088/1748-6041/8/4/045007,PVDF,TRUE,DMAC-ACETONE,"[{""solventName"": ""DMAC"", ""weight"": null, ""weightUnit"": ""gram"", ""volumeRatio"": 50.0, ""volumeRatioUnit"": ""v/v""}, {""solventName"": ""ACETONE"", ""weight"": null, ""weightUnit"": ""gram"", ""volumeRatio"": 50.0, ""volumeRatioUnit"": ""v/v""}]",20,w/v%,Single Needle,,Flat,,12,0.5,20,,45,TRUE,295,,FALSE
https://doi.org/10.1088/1748-6041/8/4/045007,PVDF,TRUE,DMAC-ACETONE,"[{""solventName"": ""DMAC"", ""weight"": null, ""weightUnit"": ""gram"", ""volumeRatio"": 50.0, ""volumeRatioUnit"": ""v/v""}, {""solventName"": ""ACETONE"", ""weight"": null, ""weightUnit"": ""gram"", ""volumeRatio"": 50.0, ""volumeRatioUnit"": ""v/v""}]",20,w/v%,Single Needle,,Flat,,15,0.5,20,,45,TRUE,194,,FALSE
https://doi.org/10.1088/1748-6041/8/4/045007,PVDF,TRUE,DMAC-ACETONE,"[{""solventName"": ""DMAC"", ""weight"": null, ""weightUnit"": ""gram"", ""volumeRatio"": 50.0, ""volumeRatioUnit"": ""v/v""}, {""solventName"": ""ACETONE"", ""weight"": null, ""weightUnit"": ""gram"", ""volumeRatio"": 50.0, ""volumeRatioUnit"": ""v/v""}]",20,w/v%,Single Needle,,Flat,,20,0.5,20,,45,TRUE,191,,FALSE
https://doi.org/10.1088/1748-6041/8/4/045007,PVDF,TRUE,DMAC-ACETONE,"[{""solventName"": ""DMAC"", ""weight"": null, ""weightUnit"": ""gram"", ""volumeRatio"": 50.0, ""volumeRatioUnit"": ""v/v""}, {""solventName"": ""ACETONE"", ""weight"": null, ""weightUnit"": ""gram"", ""volumeRatio"": 50.0, ""volumeRatioUnit"": ""v/v""}]",20,w/v%,Single Needle,,Flat,,25,0.5,20,,45,TRUE,177,,FALSE
https://doi.org/10.1088/1748-6041/8/4/045007,PVDF,TRUE,DMAC-ACETONE,"[{""solventName"": ""DMAC"", ""weight"": null, ""weightUnit"": ""gram"", ""volumeRatio"": 50.0, ""volumeRatioUnit"": ""v/v""}, {""solventName"": ""ACETONE"", ""weight"": null, ""weightUnit"": ""gram"", ""volumeRatio"": 50.0, ""volumeRatioUnit"": ""v/v""}]",20,w/v%,Single Needle,,Flat,,30,0.5,20,,45,TRUE,151,,FALSE
https://doi.org/10.1016/j.memsci.2013.01.023,PVDF,TRUE,DMAC-ACETONE,"[{""solventName"": ""DMAC"", ""weight"": null, ""weightUnit"": ""gram"", ""volumeRatio"": 80.0, ""volumeRatioUnit"": ""v/v""}, {""solventName"": ""ACETONE"", ""weight"": null, ""weightUnit"": ""gram"", ""volumeRatio"": 20.0, ""volumeRatioUnit"": ""v/v""}]",25,wt%,Single Needle,,Flat,,24,1.23,27.7,23,36,TRUE,1200,,FALSE
https://doi.org/10.1016/j.memsci.2013.01.023,PVDF,TRUE,DMAC-ACETONE,"[{""solventName"": ""DMAC"", ""weight"": null, ""weightUnit"": ""gram"", ""volumeRatio"": 80.0, ""volumeRatioUnit"": ""v/v""}, {""solventName"": ""ACETONE"", ""weight"": null, ""weightUnit"": ""gram"", ""volumeRatio"": 20.0, ""volumeRatioUnit"": ""v/v""}]",25,wt%,Single Needle,,Flat,,24,1.23,27.7,23,36,TRUE,1200,,FALSE
https://doi.org/10.1016/j.memsci.2013.01.023,PVDF,TRUE,DMAC-ACETONE,"[{""solventName"": ""DMAC"", ""weight"": null, ""weightUnit"": ""gram"", ""volumeRatio"": 80.0, ""volumeRatioUnit"": ""v/v""}, {""solventName"": ""ACETONE"", ""weight"": null, ""weightUnit"": ""gram"", ""volumeRatio"": 20.0, ""volumeRatioUnit"": ""v/v""}]",25,wt%,Single Needle,,Flat,,24,1.23,27.7,23,36,TRUE,1300,,TRUE
https://doi.org/10.1016/j.memsci.2013.01.023,PVDF,TRUE,DMAC-ACETONE,"[{""solventName"": ""DMAC"", ""weight"": null, ""weightUnit"": ""gram"", ""volumeRatio"": 80.0, ""volumeRatioUnit"": ""v/v""}, {""solventName"": ""ACETONE"", ""weight"": null, ""weightUnit"": ""gram"", ""volumeRatio"": 20.0, ""volumeRatioUnit"": ""v/v""}]",25,wt%,Single Needle,,Flat,,24,1.23,27.7,23,36,TRUE,1100,,FALSE
https://doi.org/10.1016/j.memsci.2013.01.023,PVDF,TRUE,DMAC-ACETONE,"[{""solventName"": ""DMAC"", ""weight"": null, ""weightUnit"": ""gram"", ""volumeRatio"": 80.0, ""volumeRatioUnit"": ""v/v""}, {""solventName"": ""ACETONE"", ""weight"": null, ""weightUnit"": ""gram"", ""volumeRatio"": 20.0, ""volumeRatioUnit"": ""v/v""}]",25,wt%,Single Needle,,Flat,,24,1.23,27.7,23,36,TRUE,1100,,FALSE
https://doi.org/10.1016/j.memsci.2013.01.023,PVDF,TRUE,DMAC-ACETONE,"[{""solventName"": ""DMAC"", ""weight"": null, ""weightUnit"": ""gram"", ""volumeRatio"": 80.0, ""volumeRatioUnit"": ""v/v""}, {""solventName"": ""ACETONE"", ""weight"": null, ""weightUnit"": ""gram"", ""volumeRatio"": 20.0, ""volumeRatioUnit"": ""v/v""}]",25,wt%,Single Needle,,Flat,,24,1.23,27.7,23,36,TRUE,1100,,FALSE
https://doi.org/10.1016/j.memsci.2013.01.023,PVDF,TRUE,DMAC-ACETONE,"[{""solventName"": ""DMAC"", ""weight"": null, ""weightUnit"": ""gram"", ""volumeRatio"": 80.0, ""volumeRatioUnit"": ""v/v""}, {""solventName"": ""ACETONE"", ""weight"": null, ""weightUnit"": ""gram"", ""volumeRatio"": 20.0, ""volumeRatioUnit"": ""v/v""}]",25,wt%,Single Needle,,Flat,,24,1.23,27.7,23,36,TRUE,1100,,FALSE
https://doi.org/10.1016/j.memsci.2013.01.023,PVDF,TRUE,DMAC-ACETONE,"[{""solventName"": ""DMAC"", ""weight"": null, ""weightUnit"": ""gram"", ""volumeRatio"": 82.64, ""volumeRatioUnit"": ""v/v""}, {""solventName"": ""ACETONE"", ""weight"": null, ""weightUnit"": ""gram"", ""volumeRatio"": 17.36, ""volumeRatioUnit"": ""v/v""}]",15,wt%,Single Needle,,Flat,,24.1,1.23,27.7,23,37.5,FALSE,,,FALSE
https://doi.org/10.1016/j.memsci.2013.01.023,PVDF,TRUE,DMAC-ACETONE,"[{""solventName"": ""DMAC"", ""weight"": null, ""weightUnit"": ""gram"", ""volumeRatio"": 82.64, ""volumeRatioUnit"": ""v/v""}, {""solventName"": ""ACETONE"", ""weight"": null, ""weightUnit"": ""gram"", ""volumeRatio"": 17.36, ""volumeRatioUnit"": ""v/v""}]",17.5,wt%,Single Needle,,Flat,,24.1,1.23,27.7,23,37.5,FALSE,,,FALSE
https://doi.org/10.1016/j.memsci.2013.01.023,PVDF,TRUE,DMAC-ACETONE,"[{""solventName"": ""DMAC"", ""weight"": null, ""weightUnit"": ""gram"", ""volumeRatio"": 82.64, ""volumeRatioUnit"": ""v/v""}, {""solventName"": ""ACETONE"", ""weight"": null, ""weightUnit"": ""gram"", ""volumeRatio"": 17.36, ""volumeRatioUnit"": ""v/v""}]",20,wt%,Single Needle,,Flat,,24.1,1.23,27.7,23,37.5,TRUE,136.6,,FALSE
https://doi.org/10.1016/j.memsci.2013.01.023,PVDF,TRUE,DMAC-ACETONE,"[{""solventName"": ""DMAC"", ""weight"": null, ""weightUnit"": ""gram"", ""volumeRatio"": 82.64, ""volumeRatioUnit"": ""v/v""}, {""solventName"": ""ACETONE"", ""weight"": null, ""weightUnit"": ""gram"", ""volumeRatio"": 17.36, ""volumeRatioUnit"": ""v/v""}]",20,wt%,Single Needle,,Flat,,24.1,1.23,27.7,23,37.5,TRUE,136.6,,FALSE
https://doi.org/10.1016/j.memsci.2013.01.023,PVDF,TRUE,DMAC-ACETONE,"[{""solventName"": ""DMAC"", ""weight"": null, ""weightUnit"": ""gram"", ""volumeRatio"": 82.64, ""volumeRatioUnit"": ""v/v""}, {""solventName"": ""ACETONE"", ""weight"": null, ""weightUnit"": ""gram"", ""volumeRatio"": 17.36, ""volumeRatioUnit"": ""v/v""}]",20,wt%,Single Needle,,Flat,,24.1,1.23,27.7,23,37.5,TRUE,136.6,,FALSE
https://doi.org/10.1016/j.memsci.2013.01.023,PVDF,TRUE,DMAC-ACETONE,"[{""solventName"": ""DMAC"", ""weight"": null, ""weightUnit"": ""gram"", ""volumeRatio"": 82.64, ""volumeRatioUnit"": ""v/v""}, {""solventName"": ""ACETONE"", ""weight"": null, ""weightUnit"": ""gram"", ""volumeRatio"": 17.36, ""volumeRatioUnit"": ""v/v""}]",20,wt%,Single Needle,,Flat,,24.1,1.23,27.7,23,37.5,TRUE,136.6,,FALSE
https://doi.org/10.1016/j.memsci.2013.01.023,PVDF,TRUE,DMAC-ACETONE,"[{""solventName"": ""DMAC"", ""weight"": null, ""weightUnit"": ""gram"", ""volumeRatio"": 82.64, ""volumeRatioUnit"": ""v/v""}, {""solventName"": ""ACETONE"", ""weight"": null, ""weightUnit"": ""gram"", ""volumeRatio"": 17.36, ""volumeRatioUnit"": ""v/v""}]",20,wt%,Single Needle,,Flat,,24.1,1.23,27.7,23,37.5,TRUE,136.6,,FALSE
https://doi.org/10.1016/j.memsci.2013.01.023,PVDF,TRUE,DMAC-ACETONE,"[{""solventName"": ""DMAC"", ""weight"": null, ""weightUnit"": ""gram"", ""volumeRatio"": 82.64, ""volumeRatioUnit"": ""v/v""}, {""solventName"": ""ACETONE"", ""weight"": null, ""weightUnit"": ""gram"", ""volumeRatio"": 17.36, ""volumeRatioUnit"": ""v/v""}]",20,wt%,Single Needle,,Flat,,24.1,1.23,27.7,23,37.5,TRUE,136.6,,FALSE
https://doi.org/10.1016/j.memsci.2013.01.023,PVDF,TRUE,DMAC-ACETONE,"[{""solventName"": ""DMAC"", ""weight"": null, ""weightUnit"": ""gram"", ""volumeRatio"": 82.64, ""volumeRatioUnit"": ""v/v""}, {""solventName"": ""ACETONE"", ""weight"": null, ""weightUnit"": ""gram"", ""volumeRatio"": 17.36, ""volumeRatioUnit"": ""v/v""}]",20,wt%,Single Needle,,Flat,,24.1,1.23,27.7,23,37.5,TRUE,136.6,,FALSE
https://doi.org/10.1016/j.memsci.2013.01.023,PVDF,TRUE,DMAC-ACETONE,"[{""solventName"": ""DMAC"", ""weight"": null, ""weightUnit"": ""gram"", ""volumeRatio"": 82.64, ""volumeRatioUnit"": ""v/v""}, {""solventName"": ""ACETONE"", ""weight"": null, ""weightUnit"": ""gram"", ""volumeRatio"": 17.36, ""volumeRatioUnit"": ""v/v""}]",20,wt%,Single Needle,,Flat,,24.1,1.23,27.7,23,37.5,TRUE,136.6,,FALSE
https://doi.org/10.1016/j.memsci.2013.01.023,PVDF,TRUE,DMAC-ACETONE,"[{""solventName"": ""DMAC"", ""weight"": null, ""weightUnit"": ""gram"", ""volumeRatio"": 82.64, ""volumeRatioUnit"": ""v/v""}, {""solventName"": ""ACETONE"", ""weight"": null, ""weightUnit"": ""gram"", ""volumeRatio"": 17.36, ""volumeRatioUnit"": ""v/v""}]",22.5,wt%,Single Needle,,Flat,,24.1,1.23,27.7,23,37.5,TRUE,248.3,,FALSE
https://doi.org/10.1016/j.memsci.2013.01.023,PVDF,TRUE,DMAC-ACETONE,"[{""solventName"": ""DMAC"", ""weight"": null, ""weightUnit"": ""gram"", ""volumeRatio"": 82.64, ""volumeRatioUnit"": ""v/v""}, {""solventName"": ""ACETONE"", ""weight"": null, ""weightUnit"": ""gram"", ""volumeRatio"": 17.36, ""volumeRatioUnit"": ""v/v""}]",22.5,wt%,Single Needle,,Flat,,24.1,1.23,27.7,23,37.5,TRUE,248.3,,FALSE
https://doi.org/10.1016/j.memsci.2013.01.023,PVDF,TRUE,DMAC-ACETONE,"[{""solventName"": ""DMAC"", ""weight"": null, ""weightUnit"": ""gram"", ""volumeRatio"": 82.64, ""volumeRatioUnit"": ""v/v""}, {""solventName"": ""ACETONE"", ""weight"": null, ""weightUnit"": ""gram"", ""volumeRatio"": 17.36, ""volumeRatioUnit"": ""v/v""}]",22.5,wt%,Single Needle,,Flat,,24.1,1.23,27.7,23,37.5,TRUE,248.3,,FALSE
https://doi.org/10.1016/j.memsci.2013.01.023,PVDF,TRUE,DMAC-ACETONE,"[{""solventName"": ""DMAC"", ""weight"": null, ""weightUnit"": ""gram"", ""volumeRatio"": 82.64, ""volumeRatioUnit"": ""v/v""}, {""solventName"": ""ACETONE"", ""weight"": null, ""weightUnit"": ""gram"", ""volumeRatio"": 17.36, ""volumeRatioUnit"": ""v/v""}]",22.5,wt%,Single Needle,,Flat,,24.1,1.23,27.7,23,37.5,TRUE,248.3,,FALSE
https://doi.org/10.1016/j.memsci.2013.01.023,PVDF,TRUE,DMAC-ACETONE,"[{""solventName"": ""DMAC"", ""weight"": null, ""weightUnit"": ""gram"", ""volumeRatio"": 82.64, ""volumeRatioUnit"": ""v/v""}, {""solventName"": ""ACETONE"", ""weight"": null, ""weightUnit"": ""gram"", ""volumeRatio"": 17.36, ""volumeRatioUnit"": ""v/v""}]",22.5,wt%,Single Needle,,Flat,,24.1,1.23,27.7,23,37.5,TRUE,248.3,,FALSE
https://doi.org/10.1016/j.memsci.2013.01.023,PVDF,TRUE,DMAC-ACETONE,"[{""solventName"": ""DMAC"", ""weight"": null, ""weightUnit"": ""gram"", ""volumeRatio"": 82.64, ""volumeRatioUnit"": ""v/v""}, {""solventName"": ""ACETONE"", ""weight"": null, ""weightUnit"": ""gram"", ""volumeRatio"": 17.36, ""volumeRatioUnit"": ""v/v""}]",22.5,wt%,Single Needle,,Flat,,24.1,1.23,27.7,23,37.5,TRUE,248.3,,FALSE
https://doi.org/10.1016/j.memsci.2013.01.023,PVDF,TRUE,DMAC-ACETONE,"[{""solventName"": ""DMAC"", ""weight"": null, ""weightUnit"": ""gram"", ""volumeRatio"": 82.64, ""volumeRatioUnit"": ""v/v""}, {""solventName"": ""ACETONE"", ""weight"": null, ""weightUnit"": ""gram"", ""volumeRatio"": 17.36, ""volumeRatioUnit"": ""v/v""}]",22.5,wt%,Single Needle,,Flat,,24.1,1.23,27.7,23,37.5,TRUE,248.3,,FALSE
https://doi.org/10.1016/j.memsci.2013.01.023,PVDF,TRUE,DMAC-ACETONE,"[{""solventName"": ""DMAC"", ""weight"": null, ""weightUnit"": ""gram"", ""volumeRatio"": 82.64, ""volumeRatioUnit"": ""v/v""}, {""solventName"": ""ACETONE"", ""weight"": null, ""weightUnit"": ""gram"", ""volumeRatio"": 17.36, ""volumeRatioUnit"": ""v/v""}]",22.5,wt%,Single Needle,,Flat,,24.1,1.23,27.7,23,37.5,TRUE,248.3,,FALSE
https://doi.org/10.1016/j.memsci.2013.01.023,PVDF,TRUE,DMAC-ACETONE,"[{""solventName"": ""DMAC"", ""weight"": null, ""weightUnit"": ""gram"", ""volumeRatio"": 82.64, ""volumeRatioUnit"": ""v/v""}, {""solventName"": ""ACETONE"", ""weight"": null, ""weightUnit"": ""gram"", ""volumeRatio"": 17.36, ""volumeRatioUnit"": ""v/v""}]",25,wt%,Single Needle,,Flat,,24.1,1.23,27.7,23,37.5,TRUE,335.6,,FALSE
https://doi.org/10.1016/j.memsci.2013.01.023,PVDF,TRUE,DMAC-ACETONE,"[{""solventName"": ""DMAC"", ""weight"": null, ""weightUnit"": ""gram"", ""volumeRatio"": 82.64, ""volumeRatioUnit"": ""v/v""}, {""solventName"": ""ACETONE"", ""weight"": null, ""weightUnit"": ""gram"", ""volumeRatio"": 17.36, ""volumeRatioUnit"": ""v/v""}]",25,wt%,Single Needle,,Flat,,24.1,1.23,27.7,23,37.5,TRUE,335.6,,FALSE
https://doi.org/10.1016/j.memsci.2013.01.023,PVDF,TRUE,DMAC-ACETONE,"[{""solventName"": ""DMAC"", ""weight"": null, ""weightUnit"": ""gram"", ""volumeRatio"": 82.64, ""volumeRatioUnit"": ""v/v""}, {""solventName"": ""ACETONE"", ""weight"": null, ""weightUnit"": ""gram"", ""volumeRatio"": 17.36, ""volumeRatioUnit"": ""v/v""}]",25,wt%,Single Needle,,Flat,,24.1,1.23,27.7,23,37.5,TRUE,335.6,,FALSE
https://doi.org/10.1016/j.memsci.2013.01.023,PVDF,TRUE,DMAC-ACETONE,"[{""solventName"": ""DMAC"", ""weight"": null, ""weightUnit"": ""gram"", ""volumeRatio"": 82.64, ""volumeRatioUnit"": ""v/v""}, {""solventName"": ""ACETONE"", ""weight"": null, ""weightUnit"": ""gram"", ""volumeRatio"": 17.36, ""volumeRatioUnit"": ""v/v""}]",25,wt%,Single Needle,,Flat,,24.1,1.23,27.7,23,37.5,TRUE,335.6,,FALSE
https://doi.org/10.1016/j.memsci.2013.01.023,PVDF,TRUE,DMAC-ACETONE,"[{""solventName"": ""DMAC"", ""weight"": null, ""weightUnit"": ""gram"", ""volumeRatio"": 82.64, ""volumeRatioUnit"": ""v/v""}, {""solventName"": ""ACETONE"", ""weight"": null, ""weightUnit"": ""gram"", ""volumeRatio"": 17.36, ""volumeRatioUnit"": ""v/v""}]",25,wt%,Single Needle,,Flat,,24.1,1.23,27.7,23,37.5,TRUE,335.6,,FALSE
https://doi.org/10.1016/j.memsci.2013.01.023,PVDF,TRUE,DMAC-ACETONE,"[{""solventName"": ""DMAC"", ""weight"": null, ""weightUnit"": ""gram"", ""volumeRatio"": 82.64, ""volumeRatioUnit"": ""v/v""}, {""solventName"": ""ACETONE"", ""weight"": null, ""weightUnit"": ""gram"", ""volumeRatio"": 17.36, ""volumeRatioUnit"": ""v/v""}]",25,wt%,Single Needle,,Flat,,24.1,1.23,27.7,23,37.5,TRUE,335.6,,FALSE
https://doi.org/10.1016/j.memsci.2013.01.023,PVDF,TRUE,DMAC-ACETONE,"[{""solventName"": ""DMAC"", ""weight"": null, ""weightUnit"": ""gram"", ""volumeRatio"": 82.64, ""volumeRatioUnit"": ""v/v""}, {""solventName"": ""ACETONE"", ""weight"": null, ""weightUnit"": ""gram"", ""volumeRatio"": 17.36, ""volumeRatioUnit"": ""v/v""}]",25,wt%,Single Needle,,Flat,,24.1,1.23,27.7,23,37.5,TRUE,335.6,,FALSE
https://doi.org/10.1016/j.memsci.2013.01.023,PVDF,TRUE,DMAC-ACETONE,"[{""solventName"": ""DMAC"", ""weight"": null, ""weightUnit"": ""gram"", ""volumeRatio"": 82.64, ""volumeRatioUnit"": ""v/v""}, {""solventName"": ""ACETONE"", ""weight"": null, ""weightUnit"": ""gram"", ""volumeRatio"": 17.36, ""volumeRatioUnit"": ""v/v""}]",25,wt%,Single Needle,,Flat,,24.1,1.23,27.7,23,37.5,TRUE,335.6,,FALSE
https://doi.org/10.1016/j.memsci.2013.01.023,PVDF,TRUE,DMAC-ACETONE,"[{""solventName"": ""DMAC"", ""weight"": null, ""weightUnit"": ""gram"", ""volumeRatio"": 82.64, ""volumeRatioUnit"": ""v/v""}, {""solventName"": ""ACETONE"", ""weight"": null, ""weightUnit"": ""gram"", ""volumeRatio"": 17.36, ""volumeRatioUnit"": ""v/v""}]",27.5,wt%,Single Needle,,Flat,,24.1,1.23,27.7,23,37.5,TRUE,386.1,,FALSE
https://doi.org/10.1016/j.memsci.2013.01.023,PVDF,TRUE,DMAC-ACETONE,"[{""solventName"": ""DMAC"", ""weight"": null, ""weightUnit"": ""gram"", ""volumeRatio"": 82.64, ""volumeRatioUnit"": ""v/v""}, {""solventName"": ""ACETONE"", ""weight"": null, ""weightUnit"": ""gram"", ""volumeRatio"": 17.36, ""volumeRatioUnit"": ""v/v""}]",27.5,wt%,Single Needle,,Flat,,24.1,1.23,27.7,23,37.5,TRUE,386.1,,FALSE
https://doi.org/10.1016/j.memsci.2013.01.023,PVDF,TRUE,DMAC-ACETONE,"[{""solventName"": ""DMAC"", ""weight"": null, ""weightUnit"": ""gram"", ""volumeRatio"": 82.64, ""volumeRatioUnit"": ""v/v""}, {""solventName"": ""ACETONE"", ""weight"": null, ""weightUnit"": ""gram"", ""volumeRatio"": 17.36, ""volumeRatioUnit"": ""v/v""}]",27.5,wt%,Single Needle,,Flat,,24.1,1.23,27.7,23,37.5,TRUE,386.1,,FALSE
https://doi.org/10.1016/j.memsci.2013.01.023,PVDF,TRUE,DMAC-ACETONE,"[{""solventName"": ""DMAC"", ""weight"": null, ""weightUnit"": ""gram"", ""volumeRatio"": 82.64, ""volumeRatioUnit"": ""v/v""}, {""solventName"": ""ACETONE"", ""weight"": null, ""weightUnit"": ""gram"", ""volumeRatio"": 17.36, ""volumeRatioUnit"": ""v/v""}]",27.5,wt%,Single Needle,,Flat,,24.1,1.23,27.7,23,37.5,TRUE,386.1,,FALSE
https://doi.org/10.1016/j.memsci.2013.01.023,PVDF,TRUE,DMAC-ACETONE,"[{""solventName"": ""DMAC"", ""weight"": null, ""weightUnit"": ""gram"", ""volumeRatio"": 82.64, ""volumeRatioUnit"": ""v/v""}, {""solventName"": ""ACETONE"", ""weight"": null, ""weightUnit"": ""gram"", ""volumeRatio"": 17.36, ""volumeRatioUnit"": ""v/v""}]",27.5,wt%,Single Needle,,Flat,,24.1,1.23,27.7,23,37.5,TRUE,386.1,,FALSE
https://doi.org/10.1016/j.memsci.2013.01.023,PVDF,TRUE,DMAC-ACETONE,"[{""solventName"": ""DMAC"", ""weight"": null, ""weightUnit"": ""gram"", ""volumeRatio"": 82.64, ""volumeRatioUnit"": ""v/v""}, {""solventName"": ""ACETONE"", ""weight"": null, ""weightUnit"": ""gram"", ""volumeRatio"": 17.36, ""volumeRatioUnit"": ""v/v""}]",27.5,wt%,Single Needle,,Flat,,24.1,1.23,27.7,23,37.5,TRUE,386.1,,FALSE
https://doi.org/10.1016/j.memsci.2013.01.023,PVDF,TRUE,DMAC-ACETONE,"[{""solventName"": ""DMAC"", ""weight"": null, ""weightUnit"": ""gram"", ""volumeRatio"": 82.64, ""volumeRatioUnit"": ""v/v""}, {""solventName"": ""ACETONE"", ""weight"": null, ""weightUnit"": ""gram"", ""volumeRatio"": 17.36, ""volumeRatioUnit"": ""v/v""}]",27.5,wt%,Single Needle,,Flat,,24.1,1.23,27.7,23,37.5,TRUE,386.1,,FALSE
https://doi.org/10.1016/j.memsci.2013.01.023,PVDF,TRUE,DMAC-ACETONE,"[{""solventName"": ""DMAC"", ""weight"": null, ""weightUnit"": ""gram"", ""volumeRatio"": 82.64, ""volumeRatioUnit"": ""v/v""}, {""solventName"": ""ACETONE"", ""weight"": null, ""weightUnit"": ""gram"", ""volumeRatio"": 17.36, ""volumeRatioUnit"": ""v/v""}]",27.5,wt%,Single Needle,,Flat,,24.1,1.23,27.7,23,37.5,TRUE,386.1,,FALSE
https://doi.org/10.1016/j.memsci.2013.01.023,PVDF,TRUE,DMAC-ACETONE,"[{""solventName"": ""DMAC"", ""weight"": null, ""weightUnit"": ""gram"", ""volumeRatio"": 82.64, ""volumeRatioUnit"": ""v/v""}, {""solventName"": ""ACETONE"", ""weight"": null, ""weightUnit"": ""gram"", ""volumeRatio"": 17.36, ""volumeRatioUnit"": ""v/v""}]",30,wt%,Single Needle,,Flat,,24.1,1.23,27.7,23,37.5,TRUE,506.3,,FALSE
https://doi.org/10.1016/j.memsci.2013.01.023,PVDF,TRUE,DMAC-ACETONE,"[{""solventName"": ""DMAC"", ""weight"": null, ""weightUnit"": ""gram"", ""volumeRatio"": 82.64, ""volumeRatioUnit"": ""v/v""}, {""solventName"": ""ACETONE"", ""weight"": null, ""weightUnit"": ""gram"", ""volumeRatio"": 17.36, ""volumeRatioUnit"": ""v/v""}]",30,wt%,Single Needle,,Flat,,24.1,1.23,27.7,23,37.5,TRUE,506.3,,FALSE
https://doi.org/10.1016/j.memsci.2013.01.023,PVDF,TRUE,DMAC-ACETONE,"[{""solventName"": ""DMAC"", ""weight"": null, ""weightUnit"": ""gram"", ""volumeRatio"": 82.64, ""volumeRatioUnit"": ""v/v""}, {""solventName"": ""ACETONE"", ""weight"": null, ""weightUnit"": ""gram"", ""volumeRatio"": 17.36, ""volumeRatioUnit"": ""v/v""}]",30,wt%,Single Needle,,Flat,,24.1,1.23,27.7,23,37.5,TRUE,506.3,,FALSE
https://doi.org/10.1016/j.memsci.2013.01.023,PVDF,TRUE,DMAC-ACETONE,"[{""solventName"": ""DMAC"", ""weight"": null, ""weightUnit"": ""gram"", ""volumeRatio"": 82.64, ""volumeRatioUnit"": ""v/v""}, {""solventName"": ""ACETONE"", ""weight"": null, ""weightUnit"": ""gram"", ""volumeRatio"": 17.36, ""volumeRatioUnit"": ""v/v""}]",30,wt%,Single Needle,,Flat,,24.1,1.23,27.7,23,37.5,TRUE,506.3,,FALSE
https://doi.org/10.1016/j.memsci.2013.01.023,PVDF,TRUE,DMAC-ACETONE,"[{""solventName"": ""DMAC"", ""weight"": null, ""weightUnit"": ""gram"", ""volumeRatio"": 82.64, ""volumeRatioUnit"": ""v/v""}, {""solventName"": ""ACETONE"", ""weight"": null, ""weightUnit"": ""gram"", ""volumeRatio"": 17.36, ""volumeRatioUnit"": ""v/v""}]",30,wt%,Single Needle,,Flat,,24.1,1.23,27.7,23,37.5,TRUE,506.3,,FALSE
https://doi.org/10.1016/j.memsci.2013.01.023,PVDF,TRUE,DMAC-ACETONE,"[{""solventName"": ""DMAC"", ""weight"": null, ""weightUnit"": ""gram"", ""volumeRatio"": 82.64, ""volumeRatioUnit"": ""v/v""}, {""solventName"": ""ACETONE"", ""weight"": null, ""weightUnit"": ""gram"", ""volumeRatio"": 17.36, ""volumeRatioUnit"": ""v/v""}]",30,wt%,Single Needle,,Flat,,24.1,1.23,27.7,23,37.5,TRUE,506.3,,FALSE
https://doi.org/10.1016/j.memsci.2013.01.023,PVDF,TRUE,DMAC-ACETONE,"[{""solventName"": ""DMAC"", ""weight"": null, ""weightUnit"": ""gram"", ""volumeRatio"": 82.64, ""volumeRatioUnit"": ""v/v""}, {""solventName"": ""ACETONE"", ""weight"": null, ""weightUnit"": ""gram"", ""volumeRatio"": 17.36, ""volumeRatioUnit"": ""v/v""}]",30,wt%,Single Needle,,Flat,,24.1,1.23,27.7,23,37.5,TRUE,506.3,,FALSE
https://doi.org/10.1016/j.memsci.2018.06.050,PVDF,TRUE,DMSO-ACETONE,"[{""solventName"": ""DMSO"", ""weight"": null, ""weightUnit"": ""gram"", ""volumeRatio"": 60.0, ""volumeRatioUnit"": ""v/v""}, {""solventName"": ""ACETONE"", ""weight"": null, ""weightUnit"": ""gram"", ""volumeRatio"": 40.0, ""volumeRatioUnit"": ""v/v""}]",10,wt%,Single Needle,,Rolling Drum,250,11.5,0.8,18,,45,TRUE,625,,FALSE
https://doi.org/10.1016/j.memsci.2018.06.050,PVDF,TRUE,DMF-ACETONE,"[{""solventName"": ""DMF"", ""weight"": null, ""weightUnit"": ""gram"", ""volumeRatio"": 60.0, ""volumeRatioUnit"": ""v/v""}, {""solventName"": ""ACETONE"", ""weight"": null, ""weightUnit"": ""gram"", ""volumeRatio"": 40.0, ""volumeRatioUnit"": ""v/v""}]",10,wt%,Single Needle,,Rolling Drum,250,11.5,0.8,18,,45,TRUE,415,,FALSE
https://doi.org/10.1016/j.memsci.2018.06.050,PVDF,TRUE,NMP-ACETONE,"[{""solventName"": ""NMP"", ""weight"": null, ""weightUnit"": ""gram"", ""volumeRatio"": 60.0, ""volumeRatioUnit"": ""v/v""}, {""solventName"": ""ACETONE"", ""weight"": null, ""weightUnit"": ""gram"", ""volumeRatio"": 40.0, ""volumeRatioUnit"": ""v/v""}]",10,wt%,Single Needle,,Rolling Drum,250,11.5,0.8,18,,45,TRUE,521,,FALSE
https://doi.org/10.3390/nano10061221,PVDF,TRUE,DMSO-ACETONE,"[{""solventName"": ""DMSO"", ""weight"": null, ""weightUnit"": ""gram"", ""volumeRatio"": 70.0, ""volumeRatioUnit"": ""v/v""}, {""solventName"": ""ACETONE"", ""weight"": null, ""weightUnit"": ""gram"", ""volumeRatio"": 30.0, ""volumeRatioUnit"": ""v/v""}]",20,wt%,Single Needle,,Rolling Drum,2000,25,1.08,20,,45,TRUE,1343,,TRUE
https://doi.org/10.3390/nano10061221,PVDF,TRUE,DMSO-ACETONE,"[{""solventName"": ""DMSO"", ""weight"": null, ""weightUnit"": ""gram"", ""volumeRatio"": 70.0, ""volumeRatioUnit"": ""v/v""}, {""solventName"": ""ACETONE"", ""weight"": null, ""weightUnit"": ""gram"", ""volumeRatio"": 30.0, ""volumeRatioUnit"": ""v/v""}]",20,wt%,Single Needle,,Rolling Drum,2000,25,1.08,25,,45,TRUE,1292,,TRUE
https://doi.org/10.3390/nano10061221,PVDF,TRUE,DMSO-ACETONE,"[{""solventName"": ""DMSO"", ""weight"": null, ""weightUnit"": ""gram"", ""volumeRatio"": 70.0, ""volumeRatioUnit"": ""v/v""}, {""solventName"": ""ACETONE"", ""weight"": null, ""weightUnit"": ""gram"", ""volumeRatio"": 30.0, ""volumeRatioUnit"": ""v/v""}]",20,wt%,Single Needle,,Rolling Drum,2000,35,1.08,15,,45,TRUE,958,,FALSE
https://doi.org/10.3390/nano10061221,PVDF,TRUE,DMSO-ACETONE,"[{""solventName"": ""DMSO"", ""weight"": null, ""weightUnit"": ""gram"", ""volumeRatio"": 70.0, ""volumeRatioUnit"": ""v/v""}, {""solventName"": ""ACETONE"", ""weight"": null, ""weightUnit"": ""gram"", ""volumeRatio"": 30.0, ""volumeRatioUnit"": ""v/v""}]",20,wt%,Single Needle,,Rolling Drum,2000,35,1.08,20,,45,TRUE,1026,,FALSE
https://doi.org/10.3390/nano10061221,PVDF,TRUE,DMSO-ACETONE,"[{""solventName"": ""DMSO"", ""weight"": null, ""weightUnit"": ""gram"", ""volumeRatio"": 70.0, ""volumeRatioUnit"": ""v/v""}, {""solventName"": ""ACETONE"", ""weight"": null, ""weightUnit"": ""gram"", ""volumeRatio"": 30.0, ""volumeRatioUnit"": ""v/v""}]",20,wt%,Single Needle,,Rolling Drum,2000,35,1.08,25,,45,TRUE,994,,FALSE
https://doi.org/10.3390/nano10061221,PVDF,TRUE,DMSO-ACETONE,"[{""solventName"": ""DMSO"", ""weight"": null, ""weightUnit"": ""gram"", ""volumeRatio"": 70.0, ""volumeRatioUnit"": ""v/v""}, {""solventName"": ""ACETONE"", ""weight"": null, ""weightUnit"": ""gram"", ""volumeRatio"": 30.0, ""volumeRatioUnit"": ""v/v""}]",20,wt%,Single Needle,,Rolling Drum,2000,45,1.08,15,,45,TRUE,1169,,FALSE
https://doi.org/10.3390/nano10061221,PVDF,TRUE,DMSO-ACETONE,"[{""solventName"": ""DMSO"", ""weight"": null, ""weightUnit"": ""gram"", ""volumeRatio"": 70.0, ""volumeRatioUnit"": ""v/v""}, {""solventName"": ""ACETONE"", ""weight"": null, ""weightUnit"": ""gram"", ""volumeRatio"": 30.0, ""volumeRatioUnit"": ""v/v""}]",20,wt%,Single Needle,,Rolling Drum,2000,45,1.08,20,,45,TRUE,1392,,TRUE
https://doi.org/10.3390/nano10061221,PVDF,TRUE,DMSO-ACETONE,"[{""solventName"": ""DMSO"", ""weight"": null, ""weightUnit"": ""gram"", ""volumeRatio"": 70.0, ""volumeRatioUnit"": ""v/v""}, {""solventName"": ""ACETONE"", ""weight"": null, ""weightUnit"": ""gram"", ""volumeRatio"": 30.0, ""volumeRatioUnit"": ""v/v""}]",20,wt%,Single Needle,,Rolling Drum,2000,45,1.08,25,,45,TRUE,1012,,FALSE
https://doi.org/10.3390/nano10061221,PVDF,TRUE,DMSO-ACETONE,"[{""solventName"": ""DMSO"", ""weight"": null, ""weightUnit"": ""gram"", ""volumeRatio"": 70.0, ""volumeRatioUnit"": ""v/v""}, {""solventName"": ""ACETONE"", ""weight"": null, ""weightUnit"": ""gram"", ""volumeRatio"": 30.0, ""volumeRatioUnit"": ""v/v""}]",20,wt%,Single Needle,,Rolling Drum,2000,50,1.08,15,,45,TRUE,709,,FALSE
https://doi.org/10.3390/nano10061221,PVDF,TRUE,DMSO-ACETONE,"[{""solventName"": ""DMSO"", ""weight"": null, ""weightUnit"": ""gram"", ""volumeRatio"": 70.0, ""volumeRatioUnit"": ""v/v""}, {""solventName"": ""ACETONE"", ""weight"": null, ""weightUnit"": ""gram"", ""volumeRatio"": 30.0, ""volumeRatioUnit"": ""v/v""}]",20,wt%,Single Needle,,Rolling Drum,2000,50,1.08,20,,45,TRUE,678,,FALSE
https://doi.org/10.3390/nano10061221,PVDF,TRUE,DMSO-ACETONE,"[{""solventName"": ""DMSO"", ""weight"": null, ""weightUnit"": ""gram"", ""volumeRatio"": 70.0, ""volumeRatioUnit"": ""v/v""}, {""solventName"": ""ACETONE"", ""weight"": null, ""weightUnit"": ""gram"", ""volumeRatio"": 30.0, ""volumeRatioUnit"": ""v/v""}]",20,wt%,Single Needle,,Rolling Drum,2000,50,1.08,25,,45,TRUE,666,,FALSE
https://doi.org/10.3390/nano10061221,PVDF,TRUE,DMSO-ACETONE,"[{""solventName"": ""DMSO"", ""weight"": null, ""weightUnit"": ""gram"", ""volumeRatio"": 70.0, ""volumeRatioUnit"": ""v/v""}, {""solventName"": ""ACETONE"", ""weight"": null, ""weightUnit"": ""gram"", ""volumeRatio"": 30.0, ""volumeRatioUnit"": ""v/v""}]",20,wt%,Single Needle,,Rolling Drum,2000,10,1.08,15,,45,FALSE,,,FALSE
https://doi.org/10.3390/nano10061221,PVDF,TRUE,DMSO-ACETONE,"[{""solventName"": ""DMSO"", ""weight"": null, ""weightUnit"": ""gram"", ""volumeRatio"": 70.0, ""volumeRatioUnit"": ""v/v""}, {""solventName"": ""ACETONE"", ""weight"": null, ""weightUnit"": ""gram"", ""volumeRatio"": 30.0, ""volumeRatioUnit"": ""v/v""}]",20,wt%,Single Needle,,Rolling Drum,2000,10,1.08,20,,45,FALSE,,,FALSE
https://doi.org/10.3390/nano10061221,PVDF,TRUE,DMSO-ACETONE,"[{""solventName"": ""DMSO"", ""weight"": null, ""weightUnit"": ""gram"", ""volumeRatio"": 70.0, ""volumeRatioUnit"": ""v/v""}, {""solventName"": ""ACETONE"", ""weight"": null, ""weightUnit"": ""gram"", ""volumeRatio"": 30.0, ""volumeRatioUnit"": ""v/v""}]",20,wt%,Single Needle,,Rolling Drum,2000,10,1.08,25,,45,FALSE,,,FALSE
https://doi.org/10.3390/nano10061221,PVDF,TRUE,DMSO-ACETONE,"[{""solventName"": ""DMSO"", ""weight"": null, ""weightUnit"": ""gram"", ""volumeRatio"": 70.0, ""volumeRatioUnit"": ""v/v""}, {""solventName"": ""ACETONE"", ""weight"": null, ""weightUnit"": ""gram"", ""volumeRatio"": 30.0, ""volumeRatioUnit"": ""v/v""}]",20,wt%,Single Needle,,Rolling Drum,2000,25,1.08,15,,45,FALSE,,,FALSE
https://www.researchgate.net/profile/Dhananjay-Pise/publication/277816900_Study_of_Process_Parameters_Affecting_the_Diameter_and_Morphology_of_Electrospun_Polyvinylidene_Fluoride_PVDF_Nanofibers/links/55751b5c08aeacff1ffcc4a8/Study-of-Process-Parameters-Affecting-the-Diameter-and-Morphology-of-Electrospun-Polyvinylidene-Fluoride-PVDF-Nanofibers.pdf,PVDF,FALSE,DMF,"[{""solventName"": ""DMF"", ""weight"": null, ""weightUnit"": ""gram"", ""volumeRatio"": 100.0, ""volumeRatioUnit"": ""v/v""}]",15.7,w/v%,Single Needle,,Rolling Drum,600,15,0.5,15,,45,TRUE,100,,FALSE
https://www.researchgate.net/profile/Dhananjay-Pise/publication/277816900_Study_of_Process_Parameters_Affecting_the_Diameter_and_Morphology_of_Electrospun_Polyvinylidene_Fluoride_PVDF_Nanofibers/links/55751b5c08aeacff1ffcc4a8/Study-of-Process-Parameters-Affecting-the-Diameter-and-Morphology-of-Electrospun-Polyvinylidene-Fluoride-PVDF-Nanofibers.pdf,PVDF,FALSE,DMF,"[{""solventName"": ""DMF"", ""weight"": null, ""weightUnit"": ""gram"", ""volumeRatio"": 100.0, ""volumeRatioUnit"": ""v/v""}]",17.51,w/v%,Single Needle,,Rolling Drum,600,15,0.75,17.5,,45,TRUE,160,,FALSE
https://www.researchgate.net/profile/Dhananjay-Pise/publication/277816900_Study_of_Process_Parameters_Affecting_the_Diameter_and_Morphology_of_Electrospun_Polyvinylidene_Fluoride_PVDF_Nanofibers/links/55751b5c08aeacff1ffcc4a8/Study-of-Process-Parameters-Affecting-the-Diameter-and-Morphology-of-Electrospun-Polyvinylidene-Fluoride-PVDF-Nanofibers.pdf,PVDF,FALSE,DMF,"[{""solventName"": ""DMF"", ""weight"": null, ""weightUnit"": ""gram"", ""volumeRatio"": 100.0, ""volumeRatioUnit"": ""v/v""}]",19.28,w/v%,Single Needle,,Rolling Drum,600,15,1,20,,45,TRUE,190,,FALSE
https://www.researchgate.net/profile/Dhananjay-Pise/publication/277816900_Study_of_Process_Parameters_Affecting_the_Diameter_and_Morphology_of_Electrospun_Polyvinylidene_Fluoride_PVDF_Nanofibers/links/55751b5c08aeacff1ffcc4a8/Study-of-Process-Parameters-Affecting-the-Diameter-and-Morphology-of-Electrospun-Polyvinylidene-Fluoride-PVDF-Nanofibers.pdf,PVDF,FALSE,DMF,"[{""solventName"": ""DMF"", ""weight"": null, ""weightUnit"": ""gram"", ""volumeRatio"": 100.0, ""volumeRatioUnit"": ""v/v""}]",19.28,w/v%,Single Needle,,Rolling Drum,600,25,0.5,17.5,,45,TRUE,180,,FALSE
https://www.researchgate.net/profile/Dhananjay-Pise/publication/277816900_Study_of_Process_Parameters_Affecting_the_Diameter_and_Morphology_of_Electrospun_Polyvinylidene_Fluoride_PVDF_Nanofibers/links/55751b5c08aeacff1ffcc4a8/Study-of-Process-Parameters-Affecting-the-Diameter-and-Morphology-of-Electrospun-Polyvinylidene-Fluoride-PVDF-Nanofibers.pdf,PVDF,FALSE,DMF,"[{""solventName"": ""DMF"", ""weight"": null, ""weightUnit"": ""gram"", ""volumeRatio"": 100.0, ""volumeRatioUnit"": ""v/v""}]",15.7,w/v%,Single Needle,,Rolling Drum,600,25,0.75,20,,45,TRUE,100,,FALSE
https://www.researchgate.net/profile/Dhananjay-Pise/publication/277816900_Study_of_Process_Parameters_Affecting_the_Diameter_and_Morphology_of_Electrospun_Polyvinylidene_Fluoride_PVDF_Nanofibers/links/55751b5c08aeacff1ffcc4a8/Study-of-Process-Parameters-Affecting-the-Diameter-and-Morphology-of-Electrospun-Polyvinylidene-Fluoride-PVDF-Nanofibers.pdf,PVDF,FALSE,DMF,"[{""solventName"": ""DMF"", ""weight"": null, ""weightUnit"": ""gram"", ""volumeRatio"": 100.0, ""volumeRatioUnit"": ""v/v""}]",17.51,w/v%,Single Needle,,Rolling Drum,600,25,1,15,,45,TRUE,150,,FALSE
https://www.researchgate.net/profile/Dhananjay-Pise/publication/277816900_Study_of_Process_Parameters_Affecting_the_Diameter_and_Morphology_of_Electrospun_Polyvinylidene_Fluoride_PVDF_Nanofibers/links/55751b5c08aeacff1ffcc4a8/Study-of-Process-Parameters-Affecting-the-Diameter-and-Morphology-of-Electrospun-Polyvinylidene-Fluoride-PVDF-Nanofibers.pdf,PVDF,FALSE,DMF,"[{""solventName"": ""DMF"", ""weight"": null, ""weightUnit"": ""gram"", ""volumeRatio"": 100.0, ""volumeRatioUnit"": ""v/v""}]",17.51,w/v%,Single Needle,,Rolling Drum,600,35,0.5,20,,45,TRUE,120,,FALSE
https://www.researchgate.net/profile/Dhananjay-Pise/publication/277816900_Study_of_Process_Parameters_Affecting_the_Diameter_and_Morphology_of_Electrospun_Polyvinylidene_Fluoride_PVDF_Nanofibers/links/55751b5c08aeacff1ffcc4a8/Study-of-Process-Parameters-Affecting-the-Diameter-and-Morphology-of-Electrospun-Polyvinylidene-Fluoride-PVDF-Nanofibers.pdf,PVDF,FALSE,DMF,"[{""solventName"": ""DMF"", ""weight"": null, ""weightUnit"": ""gram"", ""volumeRatio"": 100.0, ""volumeRatioUnit"": ""v/v""}]",19.28,w/v%,Single Needle,,Rolling Drum,600,35,0.75,15,,45,TRUE,160,,FALSE
https://www.researchgate.net/profile/Dhananjay-Pise/publication/277816900_Study_of_Process_Parameters_Affecting_the_Diameter_and_Morphology_of_Electrospun_Polyvinylidene_Fluoride_PVDF_Nanofibers/links/55751b5c08aeacff1ffcc4a8/Study-of-Process-Parameters-Affecting-the-Diameter-and-Morphology-of-Electrospun-Polyvinylidene-Fluoride-PVDF-Nanofibers.pdf,PVDF,FALSE,DMF,"[{""solventName"": ""DMF"", ""weight"": null, ""weightUnit"": ""gram"", ""volumeRatio"": 100.0, ""volumeRatioUnit"": ""v/v""}]",15.7,w/v%,Single Needle,,Rolling Drum,600,35,1,17.5,,45,TRUE,80,,FALSE
https://doi.org/10.1080/1539445X.2010.495630,PVDF,FALSE,DMF,"[{""solventName"": ""DMF"", ""weight"": null, ""weightUnit"": ""gram"", ""volumeRatio"": 100.0, ""volumeRatioUnit"": ""v/v""}]",20,wt%,Single Needle,,Flat,,15,4,15,,45,TRUE,495,,FALSE
https://doi.org/10.1080/1539445X.2010.495630,PVDF,FALSE,DMF,"[{""solventName"": ""DMF"", ""weight"": null, ""weightUnit"": ""gram"", ""volumeRatio"": 100.0, ""volumeRatioUnit"": ""v/v""}]",20,wt%,Single Needle,,Flat,,20,4,15,,45,TRUE,481,,FALSE
https://doi.org/10.1080/1539445X.2010.495630,PVDF,FALSE,DMF,"[{""solventName"": ""DMF"", ""weight"": null, ""weightUnit"": ""gram"", ""volumeRatio"": 100.0, ""volumeRatioUnit"": ""v/v""}]",20,wt%,Single Needle,,Flat,,25,4,15,,45,TRUE,435,,FALSE
https://doi.org/10.1080/1539445X.2010.495630,PVDF,FALSE,DMF,"[{""solventName"": ""DMF"", ""weight"": null, ""weightUnit"": ""gram"", ""volumeRatio"": 100.0, ""volumeRatioUnit"": ""v/v""}]",20,wt%,Single Needle,,Flat,,30,4,15,,45,TRUE,403,,FALSE
https://doi.org/10.1080/1539445X.2010.495630,PVDF,FALSE,DMF,"[{""solventName"": ""DMF"", ""weight"": null, ""weightUnit"": ""gram"", ""volumeRatio"": 100.0, ""volumeRatioUnit"": ""v/v""}]",20,wt%,Single Needle,,Flat,,20,0.5,15,,45,TRUE,149,,FALSE
https://doi.org/10.1080/1539445X.2010.495630,PVDF,FALSE,DMF,"[{""solventName"": ""DMF"", ""weight"": null, ""weightUnit"": ""gram"", ""volumeRatio"": 100.0, ""volumeRatioUnit"": ""v/v""}]",20,wt%,Single Needle,,Flat,,20,1,15,,45,TRUE,145,,FALSE
https://doi.org/10.1080/1539445X.2010.495630,PVDF,FALSE,DMF,"[{""solventName"": ""DMF"", ""weight"": null, ""weightUnit"": ""gram"", ""volumeRatio"": 100.0, ""volumeRatioUnit"": ""v/v""}]",20,wt%,Single Needle,,Flat,,20,2,15,,45,TRUE,130,,FALSE
https://doi.org/10.1080/1539445X.2010.495630,PVDF,FALSE,DMF,"[{""solventName"": ""DMF"", ""weight"": null, ""weightUnit"": ""gram"", ""volumeRatio"": 100.0, ""volumeRatioUnit"": ""v/v""}]",20,wt%,Single Needle,,Flat,,20,4,15,,45,TRUE,144,,FALSE
https://doi.org/10.1080/1539445X.2010.495630,PVDF,FALSE,DMF,"[{""solventName"": ""DMF"", ""weight"": null, ""weightUnit"": ""gram"", ""volumeRatio"": 100.0, ""volumeRatioUnit"": ""v/v""}]",25,wt%,Single Needle,,Rolling Drum,750,20,4,15,,45,TRUE,1322,,TRUE
https://doi.org/10.1080/1539445X.2010.495630,PVDF,FALSE,DMF,"[{""solventName"": ""DMF"", ""weight"": null, ""weightUnit"": ""gram"", ""volumeRatio"": 100.0, ""volumeRatioUnit"": ""v/v""}]",25,wt%,Single Needle,,Rolling Drum,1000,20,4,15,,45,TRUE,558,,FALSE
https://doi.org/10.1080/1539445X.2010.495630,PVDF,FALSE,DMF,"[{""solventName"": ""DMF"", ""weight"": null, ""weightUnit"": ""gram"", ""volumeRatio"": 100.0, ""volumeRatioUnit"": ""v/v""}]",25,wt%,Single Needle,,Rolling Drum,1500,20,4,15,,45,TRUE,564,,FALSE
https://doi.org/10.1080/1539445X.2010.495630,PVDF,FALSE,DMF,"[{""solventName"": ""DMF"", ""weight"": null, ""weightUnit"": ""gram"", ""volumeRatio"": 100.0, ""volumeRatioUnit"": ""v/v""}]",25,wt%,Single Needle,,Rolling Drum,2000,20,4,15,,45,TRUE,498,,FALSE
https://doi.org/10.1002/app.42304,PVDF,FALSE,DMF,"[{""solventName"": ""DMF"", ""weight"": null, ""weightUnit"": ""gram"", ""volumeRatio"": 100.0, ""volumeRatioUnit"": ""v/v""}]",20,wt%,Single Needle,,Rolling Drum,2500,13,1,17,,45,TRUE,78,,FALSE
https://doi.org/10.1002/app.42304,PVDF,FALSE,DMF,"[{""solventName"": ""DMF"", ""weight"": null, ""weightUnit"": ""gram"", ""volumeRatio"": 100.0, ""volumeRatioUnit"": ""v/v""}]",20,wt%,Single Needle,,Rolling Drum,2500,21,1,17,,45,TRUE,72,,FALSE
https://doi.org/10.1002/app.42304,PVDF,FALSE,DMF,"[{""solventName"": ""DMF"", ""weight"": null, ""weightUnit"": ""gram"", ""volumeRatio"": 100.0, ""volumeRatioUnit"": ""v/v""}]",20,wt%,Single Needle,,Rolling Drum,2500,13,0.5,17,,45,TRUE,55,,FALSE
https://doi.org/10.1002/app.42304,PVDF,TRUE,DMF-ACETONE,"[{""solventName"": ""DMF"", ""weight"": null, ""weightUnit"": ""gram"", ""volumeRatio"": 50.0, ""volumeRatioUnit"": ""v/v""}, {""solventName"": ""ACETONE"", ""weight"": null, ""weightUnit"": ""gram"", ""volumeRatio"": 50.0, ""volumeRatioUnit"": ""v/v""}]",20,wt%,Single Needle,,Rolling Drum,2500,13,1,17,,45,TRUE,355,,FALSE
https://doi.org/10.1002/app.42304,PVDF,TRUE,DMF-ACETONE,"[{""solventName"": ""DMF"", ""weight"": null, ""weightUnit"": ""gram"", ""volumeRatio"": 50.0, ""volumeRatioUnit"": ""v/v""}, {""solventName"": ""ACETONE"", ""weight"": null, ""weightUnit"": ""gram"", ""volumeRatio"": 50.0, ""volumeRatioUnit"": ""v/v""}]",20,wt%,Single Needle,,Rolling Drum,2500,21,1,17,,45,TRUE,286,,FALSE
https://doi.org/10.1002/app.42304,PVDF,TRUE,DMF-ACETONE,"[{""solventName"": ""DMF"", ""weight"": null, ""weightUnit"": ""gram"", ""volumeRatio"": 50.0, ""volumeRatioUnit"": ""v/v""}, {""solventName"": ""ACETONE"", ""weight"": null, ""weightUnit"": ""gram"", ""volumeRatio"": 50.0, ""volumeRatioUnit"": ""v/v""}]",20,wt%,Single Needle,,Rolling Drum,2500,13,0.5,17,,45,TRUE,235,,FALSE
https://doi.org/10.1002/app.42304,PVDF,TRUE,DMF-ACETONE,"[{""solventName"": ""DMF"", ""weight"": null, ""weightUnit"": ""gram"", ""volumeRatio"": 75.0, ""volumeRatioUnit"": ""v/v""}, {""solventName"": ""ACETONE"", ""weight"": null, ""weightUnit"": ""gram"", ""volumeRatio"": 25.0, ""volumeRatioUnit"": ""v/v""}]",20,wt%,Single Needle,,Rolling Drum,2500,13,1,17,,45,TRUE,204,,FALSE
https://doi.org/10.1002/app.42304,PVDF,TRUE,DMF-ACETONE,"[{""solventName"": ""DMF"", ""weight"": null, ""weightUnit"": ""gram"", ""volumeRatio"": 75.0, ""volumeRatioUnit"": ""v/v""}, {""solventName"": ""ACETONE"", ""weight"": null, ""weightUnit"": ""gram"", ""volumeRatio"": 25.0, ""volumeRatioUnit"": ""v/v""}]",20,wt%,Single Needle,,Rolling Drum,2500,21,1,17,,45,TRUE,175,,FALSE
https://doi.org/10.1002/app.42304,PVDF,TRUE,DMF-ACETONE,"[{""solventName"": ""DMF"", ""weight"": null, ""weightUnit"": ""gram"", ""volumeRatio"": 75.0, ""volumeRatioUnit"": ""v/v""}, {""solventName"": ""ACETONE"", ""weight"": null, ""weightUnit"": ""gram"", ""volumeRatio"": 25.0, ""volumeRatioUnit"": ""v/v""}]",20,wt%,Single Needle,,Rolling Drum,2500,13,0.5,17,,45,TRUE,146,,FALSE
https://doi.org/10.1515/epoly-2018-0037,PVDF,TRUE,DMF-ACETONE,"[{""solventName"": ""DMF"", ""weight"": null, ""weightUnit"": ""gram"", ""volumeRatio"": 80.0, ""volumeRatioUnit"": ""v/v""}, {""solventName"": ""ACETONE"", ""weight"": null, ""weightUnit"": ""gram"", ""volumeRatio"": 20.0, ""volumeRatioUnit"": ""v/v""}]",15,wt%,Single Needle,,Flat,,13,5.81,15,20,50,TRUE,730,,FALSE
https://doi.org/10.1515/epoly-2018-0037,PVDF,TRUE,DMF-ACETONE,"[{""solventName"": ""DMF"", ""weight"": null, ""weightUnit"": ""gram"", ""volumeRatio"": 60.0, ""volumeRatioUnit"": ""v/v""}, {""solventName"": ""ACETONE"", ""weight"": null, ""weightUnit"": ""gram"", ""volumeRatio"": 40.0, ""volumeRatioUnit"": ""v/v""}]",15,wt%,Single Needle,,Flat,,13,9.47,15,20,50,TRUE,1250,,TRUE
https://doi.org/10.1515/epoly-2018-0037,PVDF,TRUE,DMF-ACETONE,"[{""solventName"": ""DMF"", ""weight"": null, ""weightUnit"": ""gram"", ""volumeRatio"": 40.0, ""volumeRatioUnit"": ""v/v""}, {""solventName"": ""ACETONE"", ""weight"": null, ""weightUnit"": ""gram"", ""volumeRatio"": 60.0, ""volumeRatioUnit"": ""v/v""}]",15,wt%,Single Needle,,Flat,,13,12.86,15,20,50,TRUE,1820,,TRUE
https://doi.org/10.1515/epoly-2018-0037,PVDF,TRUE,DMF-ACETONE,"[{""solventName"": ""DMF"", ""weight"": null, ""weightUnit"": ""gram"", ""volumeRatio"": 20.0, ""volumeRatioUnit"": ""v/v""}, {""solventName"": ""ACETONE"", ""weight"": null, ""weightUnit"": ""gram"", ""volumeRatio"": 80.0, ""volumeRatioUnit"": ""v/v""}]",15,wt%,Single Needle,,Flat,,13,14.21,15,20,50,TRUE,2030,,TRUE
https://doi.org/10.1515/epoly-2018-0037,PVDF,TRUE,DMF-ACETONE,"[{""solventName"": ""DMF"", ""weight"": null, ""weightUnit"": ""gram"", ""volumeRatio"": 100.0, ""volumeRatioUnit"": ""v/v""}, {""solventName"": ""ACETONE"", ""weight"": null, ""weightUnit"": ""gram"", ""volumeRatio"": 0.0, ""volumeRatioUnit"": ""v/v""}]",15,wt%,Single Needle,,Flat,,13,4.14,15,20,50,FALSE,,,FALSE
https://doi.org/10.3390/fib8100065,PVDF,TRUE,DMF-ACETONE,"[{""solventName"": ""DMF"", ""weight"": null, ""weightUnit"": ""gram"", ""volumeRatio"": 50.0, ""volumeRatioUnit"": ""v/v""}, {""solventName"": ""ACETONE"", ""weight"": null, ""weightUnit"": ""gram"", ""volumeRatio"": 50.0, ""volumeRatioUnit"": ""v/v""}]",24,wt%,Single Needle,,Rolling Drum,2500,15,4,14,25,30,TRUE,920,,FALSE
https://doi.org/10.3390/fib8100065,PVDF,TRUE,DMF-ACETONE,"[{""solventName"": ""DMF"", ""weight"": null, ""weightUnit"": ""gram"", ""volumeRatio"": 50.0, ""volumeRatioUnit"": ""v/v""}, {""solventName"": ""ACETONE"", ""weight"": null, ""weightUnit"": ""gram"", ""volumeRatio"": 50.0, ""volumeRatioUnit"": ""v/v""}]",24,wt%,Single Needle,,Rolling Drum,2500,15,4,14,25,60,TRUE,1680,,TRUE
https://doi.org/10.1002/app.21762,PVDF,TRUE,DMF-ACETONE,"[{""solventName"": ""DMF"", ""weight"": null, ""weightUnit"": ""gram"", ""volumeRatio"": 80.0, ""volumeRatioUnit"": ""v/v""}, {""solventName"": ""ACETONE"", ""weight"": null, ""weightUnit"": ""gram"", ""volumeRatio"": 20.0, ""volumeRatioUnit"": ""v/v""}]",15,w/v%,Single Needle,,Rolling Drum,43,5,0.3,10,,45,TRUE,172,,FALSE
https://doi.org/10.1002/app.21762,PVDF,TRUE,DMF-ACETONE,"[{""solventName"": ""DMF"", ""weight"": null, ""weightUnit"": ""gram"", ""volumeRatio"": 80.0, ""volumeRatioUnit"": ""v/v""}, {""solventName"": ""ACETONE"", ""weight"": null, ""weightUnit"": ""gram"", ""volumeRatio"": 20.0, ""volumeRatioUnit"": ""v/v""}]",15,w/v%,Single Needle,,Rolling Drum,43,5,0.3,15,,45,TRUE,250,,FALSE
https://doi.org/10.1002/app.21762,PVDF,TRUE,DMF-ACETONE,"[{""solventName"": ""DMF"", ""weight"": null, ""weightUnit"": ""gram"", ""volumeRatio"": 80.0, ""volumeRatioUnit"": ""v/v""}, {""solventName"": ""ACETONE"", ""weight"": null, ""weightUnit"": ""gram"", ""volumeRatio"": 20.0, ""volumeRatioUnit"": ""v/v""}]",15,w/v%,Single Needle,,Rolling Drum,43,5,0.3,20,,45,TRUE,200,,FALSE
https://doi.org/10.1002/app.21762,PVDF,TRUE,DMF-ACETONE,"[{""solventName"": ""DMF"", ""weight"": null, ""weightUnit"": ""gram"", ""volumeRatio"": 80.0, ""volumeRatioUnit"": ""v/v""}, {""solventName"": ""ACETONE"", ""weight"": null, ""weightUnit"": ""gram"", ""volumeRatio"": 20.0, ""volumeRatioUnit"": ""v/v""}]",10,w/v%,Single Needle,,Rolling Drum,43,5,0.3,10,,45,FALSE,,,FALSE
https://doi.org/10.1016/j.matlet.2015.08.003,PVDF,TRUE,DMF-ACETONE,"[{""solventName"": ""DMF"", ""weight"": null, ""weightUnit"": ""gram"", ""volumeRatio"": 50.0, ""volumeRatioUnit"": ""v/v""}, {""solventName"": ""ACETONE"", ""weight"": null, ""weightUnit"": ""gram"", ""volumeRatio"": 50.0, ""volumeRatioUnit"": ""v/v""}]",10,wt%,Single Needle,,Flat,,18,4,25,,45,TRUE,570,,FALSE
https://doi.org/10.1016/j.matlet.2015.08.003,PVDF,TRUE,DMF-ACETONE,"[{""solventName"": ""DMF"", ""weight"": null, ""weightUnit"": ""gram"", ""volumeRatio"": 50.0, ""volumeRatioUnit"": ""v/v""}, {""solventName"": ""ACETONE"", ""weight"": null, ""weightUnit"": ""gram"", ""volumeRatio"": 50.0, ""volumeRatioUnit"": ""v/v""}]",12.5,wt%,Single Needle,,Flat,,18,4,25,,45,TRUE,980,,FALSE
https://doi.org/10.1016/j.matlet.2015.08.003,PVDF,TRUE,DMF-ACETONE,"[{""solventName"": ""DMF"", ""weight"": null, ""weightUnit"": ""gram"", ""volumeRatio"": 50.0, ""volumeRatioUnit"": ""v/v""}, {""solventName"": ""ACETONE"", ""weight"": null, ""weightUnit"": ""gram"", ""volumeRatio"": 50.0, ""volumeRatioUnit"": ""v/v""}]",15,wt%,Single Needle,,Flat,,18,4,25,,45,TRUE,2020,,TRUE
https://doi.org/10.1016/j.matlet.2015.08.003,PVDF,TRUE,DMF-ACETONE,"[{""solventName"": ""DMF"", ""weight"": null, ""weightUnit"": ""gram"", ""volumeRatio"": 50.0, ""volumeRatioUnit"": ""v/v""}, {""solventName"": ""ACETONE"", ""weight"": null, ""weightUnit"": ""gram"", ""volumeRatio"": 50.0, ""volumeRatioUnit"": ""v/v""}]",16,wt%,Single Needle,,Flat,,18,4,25,,45,TRUE,3100,,TRUE
https://doi.org/10.1016/j.matlet.2015.08.003,PVDF,TRUE,DMF-ACETONE,"[{""solventName"": ""DMF"", ""weight"": null, ""weightUnit"": ""gram"", ""volumeRatio"": 50.0, ""volumeRatioUnit"": ""v/v""}, {""solventName"": ""ACETONE"", ""weight"": null, ""weightUnit"": ""gram"", ""volumeRatio"": 50.0, ""volumeRatioUnit"": ""v/v""}]",17.5,wt%,Single Needle,,Flat,,18,4,25,,45,TRUE,4800,,TRUE
https://doi.org/10.1002/marc.200700544,PVDF,TRUE,DMF-ACETONE,"[{""solventName"": ""DMF"", ""weight"": null, ""weightUnit"": ""gram"", ""volumeRatio"": 80.0, ""volumeRatioUnit"": ""v/v""}, {""solventName"": ""ACETONE"", ""weight"": null, ""weightUnit"": ""gram"", ""volumeRatio"": 20.0, ""volumeRatioUnit"": ""v/v""}]",15,w/v%,Single Needle,,Flat,,13,3,15,50,45,TRUE,150,,FALSE
https://doi.org/10.1002/marc.200700544,PVDF,TRUE,DMF-ACETONE,"[{""solventName"": ""DMF"", ""weight"": null, ""weightUnit"": ""gram"", ""volumeRatio"": 80.0, ""volumeRatioUnit"": ""v/v""}, {""solventName"": ""ACETONE"", ""weight"": null, ""weightUnit"": ""gram"", ""volumeRatio"": 20.0, ""volumeRatioUnit"": ""v/v""}]",20,w/v%,Single Needle,,Flat,,13,3,15,50,45,TRUE,340,,FALSE
https://doi.org/10.1002/marc.200700544,PVDF,TRUE,DMF-ACETONE,"[{""solventName"": ""DMF"", ""weight"": null, ""weightUnit"": ""gram"", ""volumeRatio"": 80.0, ""volumeRatioUnit"": ""v/v""}, {""solventName"": ""ACETONE"", ""weight"": null, ""weightUnit"": ""gram"", ""volumeRatio"": 20.0, ""volumeRatioUnit"": ""v/v""}]",25,w/v%,Single Needle,,Flat,,13,3,15,50,45,TRUE,680,,FALSE
https://doi.org/10.1002/marc.200700544,PVDF,TRUE,DMF-ACETONE,"[{""solventName"": ""DMF"", ""weight"": null, ""weightUnit"": ""gram"", ""volumeRatio"": 30.0, ""volumeRatioUnit"": ""v/v""}, {""solventName"": ""ACETONE"", ""weight"": null, ""weightUnit"": ""gram"", ""volumeRatio"": 70.0, ""volumeRatioUnit"": ""v/v""}]",15,w/v%,Single Needle,,Flat,,13,3,15,27,45,TRUE,1020,,FALSE
https://doi.org/10.1007/s10965-014-0571-8.,PVDF,TRUE,DMF-ACETONE,"[{""solventName"": ""DMF"", ""weight"": null, ""weightUnit"": ""gram"", ""volumeRatio"": 80.0, ""volumeRatioUnit"": ""v/v""}, {""solventName"": ""ACETONE"", ""weight"": null, ""weightUnit"": ""gram"", ""volumeRatio"": 20.0, ""volumeRatioUnit"": ""v/v""}]",20,wt%,Single Needle,,Rolling Drum,180,14,0.5,15,,45,TRUE,85,,FALSE
https://doi.org/10.1007/s10965-014-0571-8.,PVDF,TRUE,DMF-ACETONE,"[{""solventName"": ""DMF"", ""weight"": null, ""weightUnit"": ""gram"", ""volumeRatio"": 80.0, ""volumeRatioUnit"": ""v/v""}, {""solventName"": ""ACETONE"", ""weight"": null, ""weightUnit"": ""gram"", ""volumeRatio"": 20.0, ""volumeRatioUnit"": ""v/v""}]",20,wt%,Single Needle,,Rolling Drum,180,16,0.5,15,,45,TRUE,108,,FALSE
https://doi.org/10.1007/s10965-014-0571-8.,PVDF,TRUE,DMF-ACETONE,"[{""solventName"": ""DMF"", ""weight"": null, ""weightUnit"": ""gram"", ""volumeRatio"": 60.0, ""volumeRatioUnit"": ""v/v""}, {""solventName"": ""ACETONE"", ""weight"": null, ""weightUnit"": ""gram"", ""volumeRatio"": 40.0, ""volumeRatioUnit"": ""v/v""}]",10,wt%,Single Needle,,Rolling Drum,180,10.5,1,15,,45,TRUE,110,,FALSE
https://doi.org/10.1007/s10965-014-0571-8.,PVDF,TRUE,DMF-ACETONE,"[{""solventName"": ""DMF"", ""weight"": null, ""weightUnit"": ""gram"", ""volumeRatio"": 60.0, ""volumeRatioUnit"": ""v/v""}, {""solventName"": ""ACETONE"", ""weight"": null, ""weightUnit"": ""gram"", ""volumeRatio"": 40.0, ""volumeRatioUnit"": ""v/v""}]",10,wt%,Single Needle,,Rolling Drum,180,15,0.5,12,,45,FALSE,,,FALSE
https://doi.org/10.1007/s10965-014-0571-8.,PVDF,TRUE,DMF-ACETONE,"[{""solventName"": ""DMF"", ""weight"": null, ""weightUnit"": ""gram"", ""volumeRatio"": 60.0, ""volumeRatioUnit"": ""v/v""}, {""solventName"": ""ACETONE"", ""weight"": null, ""weightUnit"": ""gram"", ""volumeRatio"": 40.0, ""volumeRatioUnit"": ""v/v""}]",10,wt%,Single Needle,,Rolling Drum,180,15,0.5,15,,45,FALSE,,,FALSE
https://doi.org/10.1007/s10965-014-0571-8.,PVDF,TRUE,DMF-ACETONE,"[{""solventName"": ""DMF"", ""weight"": null, ""weightUnit"": ""gram"", ""volumeRatio"": 60.0, ""volumeRatioUnit"": ""v/v""}, {""solventName"": ""ACETONE"", ""weight"": null, ""weightUnit"": ""gram"", ""volumeRatio"": 40.0, ""volumeRatioUnit"": ""v/v""}]",10,wt%,Single Needle,,Rolling Drum,180,17,0.5,15,,45,FALSE,,,FALSE
https://doi.org/10.1007/s10965-014-0571-8.,PVDF,TRUE,DMF-ACETONE,"[{""solventName"": ""DMF"", ""weight"": null, ""weightUnit"": ""gram"", ""volumeRatio"": 60.0, ""volumeRatioUnit"": ""v/v""}, {""solventName"": ""ACETONE"", ""weight"": null, ""weightUnit"": ""gram"", ""volumeRatio"": 40.0, ""volumeRatioUnit"": ""v/v""}]",14,wt%,Single Needle,,Rolling Drum,180,17,0.5,15,,45,TRUE,90,,FALSE
https://doi.org/10.1007/s10965-014-0571-8.,PVDF,TRUE,DMF-ACETONE,"[{""solventName"": ""DMF"", ""weight"": null, ""weightUnit"": ""gram"", ""volumeRatio"": 60.0, ""volumeRatioUnit"": ""v/v""}, {""solventName"": ""ACETONE"", ""weight"": null, ""weightUnit"": ""gram"", ""volumeRatio"": 40.0, ""volumeRatioUnit"": ""v/v""}]",14,wt%,Single Needle,,Rolling Drum,180,17,0.5,12,,45,TRUE,94,,FALSE
https://doi.org/10.1007/s10965-014-0571-8.,PVDF,TRUE,DMF-ACETONE,"[{""solventName"": ""DMF"", ""weight"": null, ""weightUnit"": ""gram"", ""volumeRatio"": 60.0, ""volumeRatioUnit"": ""v/v""}, {""solventName"": ""ACETONE"", ""weight"": null, ""weightUnit"": ""gram"", ""volumeRatio"": 40.0, ""volumeRatioUnit"": ""v/v""}]",14,wt%,Single Needle,,Rolling Drum,180,15,0.5,15,,45,TRUE,190,,FALSE
https://doi.org/10.1007/s10965-014-0571-8.,PVDF,TRUE,DMF-ACETONE,"[{""solventName"": ""DMF"", ""weight"": null, ""weightUnit"": ""gram"", ""volumeRatio"": 60.0, ""volumeRatioUnit"": ""v/v""}, {""solventName"": ""ACETONE"", ""weight"": null, ""weightUnit"": ""gram"", ""volumeRatio"": 40.0, ""volumeRatioUnit"": ""v/v""}]",17,wt%,Single Needle,,Rolling Drum,180,17,0.5,15,,45,TRUE,109,,FALSE
https://doi.org/10.1007/s10965-014-0571-8.,PVDF,TRUE,DMF-ACETONE,"[{""solventName"": ""DMF"", ""weight"": null, ""weightUnit"": ""gram"", ""volumeRatio"": 60.0, ""volumeRatioUnit"": ""v/v""}, {""solventName"": ""ACETONE"", ""weight"": null, ""weightUnit"": ""gram"", ""volumeRatio"": 40.0, ""volumeRatioUnit"": ""v/v""}]",17,wt%,Single Needle,,Rolling Drum,180,17,0.5,10,,45,TRUE,102,,FALSE
https://doi.org/10.1007/s10965-014-0571-8.,PVDF,TRUE,DMF-ACETONE,"[{""solventName"": ""DMF"", ""weight"": null, ""weightUnit"": ""gram"", ""volumeRatio"": 60.0, ""volumeRatioUnit"": ""v/v""}, {""solventName"": ""ACETONE"", ""weight"": null, ""weightUnit"": ""gram"", ""volumeRatio"": 40.0, ""volumeRatioUnit"": ""v/v""}]",20,wt%,Single Needle,,Rolling Drum,180,13,0.5,15,,45,TRUE,160,,FALSE
https://doi.org/10.1007/s10965-014-0571-8.,PVDF,TRUE,DMF-ACETONE,"[{""solventName"": ""DMF"", ""weight"": null, ""weightUnit"": ""gram"", ""volumeRatio"": 60.0, ""volumeRatioUnit"": ""v/v""}, {""solventName"": ""ACETONE"", ""weight"": null, ""weightUnit"": ""gram"", ""volumeRatio"": 40.0, ""volumeRatioUnit"": ""v/v""}]",20,wt%,Single Needle,,Rolling Drum,180,11.5,0.5,15,,45,TRUE,131,,FALSE
https://doi.org/10.1007/s10965-014-0571-8.,PVDF,TRUE,DMF-ACETONE,"[{""solventName"": ""DMF"", ""weight"": null, ""weightUnit"": ""gram"", ""volumeRatio"": 60.0, ""volumeRatioUnit"": ""v/v""}, {""solventName"": ""ACETONE"", ""weight"": null, ""weightUnit"": ""gram"", ""volumeRatio"": 40.0, ""volumeRatioUnit"": ""v/v""}]",20,wt%,Single Needle,,Rolling Drum,180,16,0.5,15,,45,TRUE,115,,FALSE
https://doi.org/10.1007/s10965-014-0571-8.,PVDF,TRUE,DMF-ACETONE,"[{""solventName"": ""DMF"", ""weight"": null, ""weightUnit"": ""gram"", ""volumeRatio"": 60.0, ""volumeRatioUnit"": ""v/v""}, {""solventName"": ""ACETONE"", ""weight"": null, ""weightUnit"": ""gram"", ""volumeRatio"": 40.0, ""volumeRatioUnit"": ""v/v""}]",23,wt%,Single Needle,,Rolling Drum,180,17,0.5,15,,45,TRUE,232,,FALSE
https://doi.org/10.1007/s10965-014-0571-8.,PVDF,TRUE,DMF-ACETONE,"[{""solventName"": ""DMF"", ""weight"": null, ""weightUnit"": ""gram"", ""volumeRatio"": 60.0, ""volumeRatioUnit"": ""v/v""}, {""solventName"": ""ACETONE"", ""weight"": null, ""weightUnit"": ""gram"", ""volumeRatio"": 40.0, ""volumeRatioUnit"": ""v/v""}]",23,wt%,Single Needle,,Rolling Drum,180,20,0.5,15,,45,TRUE,260,,FALSE
https://doi.org/10.1007/s10965-014-0571-8.,PVDF,TRUE,DMF-ACETONE,"[{""solventName"": ""DMF"", ""weight"": null, ""weightUnit"": ""gram"", ""volumeRatio"": 60.0, ""volumeRatioUnit"": ""v/v""}, {""solventName"": ""ACETONE"", ""weight"": null, ""weightUnit"": ""gram"", ""volumeRatio"": 40.0, ""volumeRatioUnit"": ""v/v""}]",26,wt%,Single Needle,,Rolling Drum,180,15,0.5,15,,45,TRUE,424,,FALSE
https://doi.org/10.1007/s10965-014-0571-8.,PVDF,TRUE,DMF-ACETONE,"[{""solventName"": ""DMF"", ""weight"": null, ""weightUnit"": ""gram"", ""volumeRatio"": 60.0, ""volumeRatioUnit"": ""v/v""}, {""solventName"": ""ACETONE"", ""weight"": null, ""weightUnit"": ""gram"", ""volumeRatio"": 40.0, ""volumeRatioUnit"": ""v/v""}]",26,wt%,Single Needle,,Rolling Drum,180,15,0.5,15,,45,TRUE,396,,FALSE
https://doi.org/10.1007/s10965-014-0571-8.,PVDF,TRUE,DMF-ACETONE,"[{""solventName"": ""DMF"", ""weight"": null, ""weightUnit"": ""gram"", ""volumeRatio"": 60.0, ""volumeRatioUnit"": ""v/v""}, {""solventName"": ""ACETONE"", ""weight"": null, ""weightUnit"": ""gram"", ""volumeRatio"": 40.0, ""volumeRatioUnit"": ""v/v""}]",26,wt%,Single Needle,,Rolling Drum,180,20,0.5,15,,45,TRUE,812,,FALSE
https://doi.org/10.1007/s10965-014-0571-8.,PVDF,TRUE,DMF-ACETONE,"[{""solventName"": ""DMF"", ""weight"": null, ""weightUnit"": ""gram"", ""volumeRatio"": 60.0, ""volumeRatioUnit"": ""v/v""}, {""solventName"": ""ACETONE"", ""weight"": null, ""weightUnit"": ""gram"", ""volumeRatio"": 40.0, ""volumeRatioUnit"": ""v/v""}]",30,wt%,Single Needle,,Rolling Drum,180,16,0.5,15,,45,TRUE,1131,,FALSE
https://doi.org/10.1007/s10965-014-0571-8.,PVDF,TRUE,DMF-ACETONE,"[{""solventName"": ""DMF"", ""weight"": null, ""weightUnit"": ""gram"", ""volumeRatio"": 60.0, ""volumeRatioUnit"": ""v/v""}, {""solventName"": ""ACETONE"", ""weight"": null, ""weightUnit"": ""gram"", ""volumeRatio"": 40.0, ""volumeRatioUnit"": ""v/v""}]",30,wt%,Single Needle,,Rolling Drum,180,18,0.5,15,,45,TRUE,1127,,FALSE
https://doi.org/10.1021/acsami.0c02578.,PVDF,TRUE,DMF-ACETONE,"[{""solventName"": ""DMF"", ""weight"": null, ""weightUnit"": ""gram"", ""volumeRatio"": 50.0, ""volumeRatioUnit"": ""v/v""}, {""solventName"": ""ACETONE"", ""weight"": null, ""weightUnit"": ""gram"", ""volumeRatio"": 50.0, ""volumeRatioUnit"": ""v/v""}]",24,wt%,Single Needle,,Flat,,15,6,18,25,30,TRUE,830,,FALSE
https://doi.org/10.1021/acsami.0c02578.,PVDF,TRUE,DMF-ACETONE,"[{""solventName"": ""DMF"", ""weight"": null, ""weightUnit"": ""gram"", ""volumeRatio"": 50.0, ""volumeRatioUnit"": ""v/v""}, {""solventName"": ""ACETONE"", ""weight"": null, ""weightUnit"": ""gram"", ""volumeRatio"": 50.0, ""volumeRatioUnit"": ""v/v""}]",24,wt%,Single Needle,,Flat,,15,6,18,25,60,TRUE,1260,,TRUE
https://doi.org/10.1016/j.polymertesting.2019.106218,PVDF,TRUE,DMF-ACETONE,"[{""solventName"": ""DMF"", ""weight"": null, ""weightUnit"": ""gram"", ""volumeRatio"": 70.0, ""volumeRatioUnit"": ""v/v""}, {""solventName"": ""ACETONE"", ""weight"": null, ""weightUnit"": ""gram"", ""volumeRatio"": 30.0, ""volumeRatioUnit"": ""v/v""}]",15,wt%,Single Needle,,Flat,,20,0.5,15,,45,TRUE,997,,FALSE
https://doi.org/10.1016/j.polymertesting.2019.106218,PVDF,TRUE,DMF-ACETONE,"[{""solventName"": ""DMF"", ""weight"": null, ""weightUnit"": ""gram"", ""volumeRatio"": 70.0, ""volumeRatioUnit"": ""v/v""}, {""solventName"": ""ACETONE"", ""weight"": null, ""weightUnit"": ""gram"", ""volumeRatio"": 30.0, ""volumeRatioUnit"": ""v/v""}]",15,wt%,Single Needle,,Flat,,20,0.5,17.5,,45,TRUE,858,,FALSE
https://doi.org/10.1016/j.polymertesting.2019.106218,PVDF,TRUE,DMF-ACETONE,"[{""solventName"": ""DMF"", ""weight"": null, ""weightUnit"": ""gram"", ""volumeRatio"": 70.0, ""volumeRatioUnit"": ""v/v""}, {""solventName"": ""ACETONE"", ""weight"": null, ""weightUnit"": ""gram"", ""volumeRatio"": 30.0, ""volumeRatioUnit"": ""v/v""}]",15,wt%,Single Needle,,Flat,,20,0.5,20,,45,TRUE,1183,,FALSE
https://doi.org/10.1109/NANO.2013.6720964,PVDF,TRUE,NMP-ACETONE,"[{""solventName"": ""NMP"", ""weight"": null, ""weightUnit"": ""gram"", ""volumeRatio"": 50.0, ""volumeRatioUnit"": ""v/v""}, {""solventName"": ""ACETONE"", ""weight"": null, ""weightUnit"": ""gram"", ""volumeRatio"": 50.0, ""volumeRatioUnit"": ""v/v""}]",16,wt%,Single Needle,,Rolling Drum,500,5,0.15,10,,45,TRUE,750,,FALSE
https://doi.org/10.1109/NANO.2013.6720964,PVDF,TRUE,NMP-ACETONE,"[{""solventName"": ""NMP"", ""weight"": null, ""weightUnit"": ""gram"", ""volumeRatio"": 50.0, ""volumeRatioUnit"": ""v/v""}, {""solventName"": ""ACETONE"", ""weight"": null, ""weightUnit"": ""gram"", ""volumeRatio"": 50.0, ""volumeRatioUnit"": ""v/v""}]",16,wt%,Single Needle,,Rolling Drum,1000,5,0.15,10,,45,TRUE,875,,FALSE
https://doi.org/10.1109/NANO.2013.6720964,PVDF,TRUE,NMP-ACETONE,"[{""solventName"": ""NMP"", ""weight"": null, ""weightUnit"": ""gram"", ""volumeRatio"": 50.0, ""volumeRatioUnit"": ""v/v""}, {""solventName"": ""ACETONE"", ""weight"": null, ""weightUnit"": ""gram"", ""volumeRatio"": 50.0, ""volumeRatioUnit"": ""v/v""}]",16,wt%,Single Needle,,Rolling Drum,1500,5,0.15,10,,45,TRUE,675,,FALSE
https://doi.org/10.1109/NANO.2013.6720964,PVDF,TRUE,NMP-ACETONE,"[{""solventName"": ""NMP"", ""weight"": null, ""weightUnit"": ""gram"", ""volumeRatio"": 50.0, ""volumeRatioUnit"": ""v/v""}, {""solventName"": ""ACETONE"", ""weight"": null, ""weightUnit"": ""gram"", ""volumeRatio"": 50.0, ""volumeRatioUnit"": ""v/v""}]",16,wt%,Single Needle,,Rolling Drum,2000,5,0.15,10,,45,TRUE,625,,FALSE
https://doi.org/10.1063/1.4994968,PVDF,TRUE,DMF-ACETONE,"[{""solventName"": ""DMF"", ""weight"": null, ""weightUnit"": ""gram"", ""volumeRatio"": 30.0, ""volumeRatioUnit"": ""v/v""}, {""solventName"": ""ACETONE"", ""weight"": null, ""weightUnit"": ""gram"", ""volumeRatio"": 70.0, ""volumeRatioUnit"": ""v/v""}]",14,wt%,Single Needle,9,Rolling Drum,1500,6,1,15,,45,TRUE,800,,FALSE
https://doi.org/10.3390/polym14030593,PVDF,TRUE,DMSO-ACETONE,"[{""solventName"": ""DMSO"", ""weight"": null, ""weightUnit"": ""gram"", ""volumeRatio"": 70.0, ""volumeRatioUnit"": ""v/v""}, {""solventName"": ""ACETONE"", ""weight"": null, ""weightUnit"": ""gram"", ""volumeRatio"": 30.0, ""volumeRatioUnit"": ""v/v""}]",20,wt%,Single Needle,7,Rolling Drum,300,50,1.08,20,24,26,TRUE,966,,FALSE
https://doi.org/10.3390/polym14030593,PVDF,TRUE,DMSO-ACETONE,"[{""solventName"": ""DMSO"", ""weight"": null, ""weightUnit"": ""gram"", ""volumeRatio"": 70.0, ""volumeRatioUnit"": ""v/v""}, {""solventName"": ""ACETONE"", ""weight"": null, ""weightUnit"": ""gram"", ""volumeRatio"": 30.0, ""volumeRatioUnit"": ""v/v""}]",20,wt%,Single Needle,7,Rolling Drum,2000,50,1.08,20,,45,TRUE,395,,FALSE
http://dx.doi.org/10.1007/BF03218855,PVDF,TRUE,DMAC-ACETONE,"[{""solventName"": ""DMAC"", ""weight"": null, ""weightUnit"": ""gram"", ""volumeRatio"": 30.0, ""volumeRatioUnit"": ""v/v""}, {""solventName"": ""ACETONE"", ""weight"": null, ""weightUnit"": ""gram"", ""volumeRatio"": 70.0, ""volumeRatioUnit"": ""v/v""}]",19,wt%,Single Needle,14,Flat,,6,0.5,10,21,15-25,TRUE,710,,FALSE
http://dx.doi.org/10.1007/BF03218855,PVDF,TRUE,DMAC-ACETONE,"[{""solventName"": ""DMAC"", ""weight"": null, ""weightUnit"": ""gram"", ""volumeRatio"": 30.0, ""volumeRatioUnit"": ""v/v""}, {""solventName"": ""ACETONE"", ""weight"": null, ""weightUnit"": ""gram"", ""volumeRatio"": 70.0, ""volumeRatioUnit"": ""v/v""}]",19,wt%,Single Needle,14,Flat,,6,0.5,10,21,15-25,TRUE,710,,FALSE
http://dx.doi.org/10.1007/BF03218855,PVDF,TRUE,DMAC-ACETONE,"[{""solventName"": ""DMAC"", ""weight"": null, ""weightUnit"": ""gram"", ""volumeRatio"": 30.0, ""volumeRatioUnit"": ""v/v""}, {""solventName"": ""ACETONE"", ""weight"": null, ""weightUnit"": ""gram"", ""volumeRatio"": 70.0, ""volumeRatioUnit"": ""v/v""}]",19,wt%,Single Needle,14,Flat,,6,0.5,10,21,15-25,TRUE,710,,FALSE
http://dx.doi.org/10.1007/BF03218855,PVDF,TRUE,DMAC-ACETONE,"[{""solventName"": ""DMAC"", ""weight"": null, ""weightUnit"": ""gram"", ""volumeRatio"": 30.0, ""volumeRatioUnit"": ""v/v""}, {""solventName"": ""ACETONE"", ""weight"": null, ""weightUnit"": ""gram"", ""volumeRatio"": 70.0, ""volumeRatioUnit"": ""v/v""}]",19,wt%,Single Needle,14,Flat,,6,0.5,10,21,15-25,TRUE,710,,FALSE
http://dx.doi.org/10.1007/BF03218855,PVDF,TRUE,DMAC-ACETONE,"[{""solventName"": ""DMAC"", ""weight"": null, ""weightUnit"": ""gram"", ""volumeRatio"": 30.0, ""volumeRatioUnit"": ""v/v""}, {""solventName"": ""ACETONE"", ""weight"": null, ""weightUnit"": ""gram"", ""volumeRatio"": 70.0, ""volumeRatioUnit"": ""v/v""}]",19,wt%,Single Needle,14,Flat,,6,0.5,10,21,15-25,TRUE,710,,FALSE
http://dx.doi.org/10.1007/BF03218855,PVDF,TRUE,DMAC-ACETONE,"[{""solventName"": ""DMAC"", ""weight"": null, ""weightUnit"": ""gram"", ""volumeRatio"": 30.0, ""volumeRatioUnit"": ""v/v""}, {""solventName"": ""ACETONE"", ""weight"": null, ""weightUnit"": ""gram"", ""volumeRatio"": 70.0, ""volumeRatioUnit"": ""v/v""}]",19,wt%,Single Needle,14,Flat,,6,0.5,10,21,15-25,TRUE,710,,FALSE
http://dx.doi.org/10.1007/BF03218855,PVDF,TRUE,DMAC-ACETONE,"[{""solventName"": ""DMAC"", ""weight"": null, ""weightUnit"": ""gram"", ""volumeRatio"": 30.0, ""volumeRatioUnit"": ""v/v""}, {""solventName"": ""ACETONE"", ""weight"": null, ""weightUnit"": ""gram"", ""volumeRatio"": 70.0, ""volumeRatioUnit"": ""v/v""}]",19,wt%,Single Needle,14,Flat,,6,0.5,10,21,15-25,TRUE,710,,FALSE
http://dx.doi.org/10.1007/BF03218855,PVDF,TRUE,DMAC-ACETONE,"[{""solventName"": ""DMAC"", ""weight"": null, ""weightUnit"": ""gram"", ""volumeRatio"": 30.0, ""volumeRatioUnit"": ""v/v""}, {""solventName"": ""ACETONE"", ""weight"": null, ""weightUnit"": ""gram"", ""volumeRatio"": 70.0, ""volumeRatioUnit"": ""v/v""}]",19,wt%,Single Needle,14,Flat,,10,0.5,10,21,15-25,TRUE,560,,FALSE
http://dx.doi.org/10.1007/BF03218855,PVDF,TRUE,DMAC-ACETONE,"[{""solventName"": ""DMAC"", ""weight"": null, ""weightUnit"": ""gram"", ""volumeRatio"": 30.0, ""volumeRatioUnit"": ""v/v""}, {""solventName"": ""ACETONE"", ""weight"": null, ""weightUnit"": ""gram"", ""volumeRatio"": 70.0, ""volumeRatioUnit"": ""v/v""}]",19,wt%,Single Needle,14,Flat,,10,0.5,10,21,15-25,TRUE,560,,FALSE
http://dx.doi.org/10.1007/BF03218855,PVDF,TRUE,DMAC-ACETONE,"[{""solventName"": ""DMAC"", ""weight"": null, ""weightUnit"": ""gram"", ""volumeRatio"": 30.0, ""volumeRatioUnit"": ""v/v""}, {""solventName"": ""ACETONE"", ""weight"": null, ""weightUnit"": ""gram"", ""volumeRatio"": 70.0, ""volumeRatioUnit"": ""v/v""}]",19,wt%,Single Needle,14,Flat,,10,0.5,10,21,15-25,TRUE,560,,FALSE
http://dx.doi.org/10.1007/BF03218855,PVDF,TRUE,DMAC-ACETONE,"[{""solventName"": ""DMAC"", ""weight"": null, ""weightUnit"": ""gram"", ""volumeRatio"": 30.0, ""volumeRatioUnit"": ""v/v""}, {""solventName"": ""ACETONE"", ""weight"": null, ""weightUnit"": ""gram"", ""volumeRatio"": 70.0, ""volumeRatioUnit"": ""v/v""}]",19,wt%,Single Needle,14,Flat,,10,0.5,10,21,15-25,TRUE,560,,FALSE
http://dx.doi.org/10.1007/BF03218855,PVDF,TRUE,DMAC-ACETONE,"[{""solventName"": ""DMAC"", ""weight"": null, ""weightUnit"": ""gram"", ""volumeRatio"": 30.0, ""volumeRatioUnit"": ""v/v""}, {""solventName"": ""ACETONE"", ""weight"": null, ""weightUnit"": ""gram"", ""volumeRatio"": 70.0, ""volumeRatioUnit"": ""v/v""}]",19,wt%,Single Needle,14,Flat,,10,0.5,10,21,15-25,TRUE,560,,FALSE
http://dx.doi.org/10.1007/BF03218855,PVDF,TRUE,DMAC-ACETONE,"[{""solventName"": ""DMAC"", ""weight"": null, ""weightUnit"": ""gram"", ""volumeRatio"": 30.0, ""volumeRatioUnit"": ""v/v""}, {""solventName"": ""ACETONE"", ""weight"": null, ""weightUnit"": ""gram"", ""volumeRatio"": 70.0, ""volumeRatioUnit"": ""v/v""}]",19,wt%,Single Needle,14,Flat,,10,0.5,10,21,15-25,TRUE,560,,FALSE
http://dx.doi.org/10.1007/BF03218855,PVDF,TRUE,DMAC-ACETONE,"[{""solventName"": ""DMAC"", ""weight"": null, ""weightUnit"": ""gram"", ""volumeRatio"": 30.0, ""volumeRatioUnit"": ""v/v""}, {""solventName"": ""ACETONE"", ""weight"": null, ""weightUnit"": ""gram"", ""volumeRatio"": 70.0, ""volumeRatioUnit"": ""v/v""}]",19,wt%,Single Needle,14,Flat,,10,0.5,10,21,15-25,TRUE,560,,FALSE
http://dx.doi.org/10.1007/BF03218855,PVDF,TRUE,DMAC-ACETONE,"[{""solventName"": ""DMAC"", ""weight"": null, ""weightUnit"": ""gram"", ""volumeRatio"": 30.0, ""volumeRatioUnit"": ""v/v""}, {""solventName"": ""ACETONE"", ""weight"": null, ""weightUnit"": ""gram"", ""volumeRatio"": 70.0, ""volumeRatioUnit"": ""v/v""}]",19,wt%,Single Needle,14,Flat,,7,0.5,10,21,15-25,TRUE,640,,FALSE
http://dx.doi.org/10.1007/BF03218855,PVDF,TRUE,DMAC-ACETONE,"[{""solventName"": ""DMAC"", ""weight"": null, ""weightUnit"": ""gram"", ""volumeRatio"": 30.0, ""volumeRatioUnit"": ""v/v""}, {""solventName"": ""ACETONE"", ""weight"": null, ""weightUnit"": ""gram"", ""volumeRatio"": 70.0, ""volumeRatioUnit"": ""v/v""}]",19,wt%,Single Needle,14,Flat,,7,0.5,10,21,15-25,TRUE,640,,FALSE
http://dx.doi.org/10.1007/BF03218855,PVDF,TRUE,DMAC-ACETONE,"[{""solventName"": ""DMAC"", ""weight"": null, ""weightUnit"": ""gram"", ""volumeRatio"": 30.0, ""volumeRatioUnit"": ""v/v""}, {""solventName"": ""ACETONE"", ""weight"": null, ""weightUnit"": ""gram"", ""volumeRatio"": 70.0, ""volumeRatioUnit"": ""v/v""}]",19,wt%,Single Needle,14,Flat,,7,0.5,10,21,15-25,TRUE,640,,FALSE
http://dx.doi.org/10.1007/BF03218855,PVDF,TRUE,DMAC-ACETONE,"[{""solventName"": ""DMAC"", ""weight"": null, ""weightUnit"": ""gram"", ""volumeRatio"": 30.0, ""volumeRatioUnit"": ""v/v""}, {""solventName"": ""ACETONE"", ""weight"": null, ""weightUnit"": ""gram"", ""volumeRatio"": 70.0, ""volumeRatioUnit"": ""v/v""}]",19,wt%,Single Needle,14,Flat,,7,0.5,10,21,15-25,TRUE,640,,FALSE
http://dx.doi.org/10.1007/BF03218855,PVDF,TRUE,DMAC-ACETONE,"[{""solventName"": ""DMAC"", ""weight"": null, ""weightUnit"": ""gram"", ""volumeRatio"": 30.0, ""volumeRatioUnit"": ""v/v""}, {""solventName"": ""ACETONE"", ""weight"": null, ""weightUnit"": ""gram"", ""volumeRatio"": 70.0, ""volumeRatioUnit"": ""v/v""}]",19,wt%,Single Needle,14,Flat,,7,0.5,10,21,15-25,TRUE,640,,FALSE
http://dx.doi.org/10.1007/BF03218855,PVDF,TRUE,DMAC-ACETONE,"[{""solventName"": ""DMAC"", ""weight"": null, ""weightUnit"": ""gram"", ""volumeRatio"": 30.0, ""volumeRatioUnit"": ""v/v""}, {""solventName"": ""ACETONE"", ""weight"": null, ""weightUnit"": ""gram"", ""volumeRatio"": 70.0, ""volumeRatioUnit"": ""v/v""}]",19,wt%,Single Needle,14,Flat,,7,0.5,10,21,15-25,TRUE,640,,FALSE
http://dx.doi.org/10.1007/BF03218855,PVDF,TRUE,DMAC-ACETONE,"[{""solventName"": ""DMAC"", ""weight"": null, ""weightUnit"": ""gram"", ""volumeRatio"": 30.0, ""volumeRatioUnit"": ""v/v""}, {""solventName"": ""ACETONE"", ""weight"": null, ""weightUnit"": ""gram"", ""volumeRatio"": 70.0, ""volumeRatioUnit"": ""v/v""}]",19,wt%,Single Needle,14,Flat,,7,0.5,10,21,15-25,TRUE,640,,FALSE
http://dx.doi.org/10.1007/BF03218855,PVDF,TRUE,DMAC-ACETONE,"[{""solventName"": ""DMAC"", ""weight"": null, ""weightUnit"": ""gram"", ""volumeRatio"": 30.0, ""volumeRatioUnit"": ""v/v""}, {""solventName"": ""ACETONE"", ""weight"": null, ""weightUnit"": ""gram"", ""volumeRatio"": 70.0, ""volumeRatioUnit"": ""v/v""}]",19,wt%,Single Needle,14,Flat,,7,0.5,10,21,15-25,TRUE,640,,FALSE
http://dx.doi.org/10.1007/BF03218855,PVDF,TRUE,DMAC-ACETONE,"[{""solventName"": ""DMAC"", ""weight"": null, ""weightUnit"": ""gram"", ""volumeRatio"": 30.0, ""volumeRatioUnit"": ""v/v""}, {""solventName"": ""ACETONE"", ""weight"": null, ""weightUnit"": ""gram"", ""volumeRatio"": 70.0, ""volumeRatioUnit"": ""v/v""}]",19,wt%,Single Needle,14,Flat,,7,0.5,10,21,15-25,TRUE,640,,FALSE
http://dx.doi.org/10.1007/BF03218855,PVDF,TRUE,DMAC-ACETONE,"[{""solventName"": ""DMAC"", ""weight"": null, ""weightUnit"": ""gram"", ""volumeRatio"": 30.0, ""volumeRatioUnit"": ""v/v""}, {""solventName"": ""ACETONE"", ""weight"": null, ""weightUnit"": ""gram"", ""volumeRatio"": 70.0, ""volumeRatioUnit"": ""v/v""}]",19,wt%,Single Needle,14,Flat,,6,0.5,7,21,15-25,TRUE,608,,FALSE
http://dx.doi.org/10.1007/BF03218855,PVDF,TRUE,DMAC-ACETONE,"[{""solventName"": ""DMAC"", ""weight"": null, ""weightUnit"": ""gram"", ""volumeRatio"": 30.0, ""volumeRatioUnit"": ""v/v""}, {""solventName"": ""ACETONE"", ""weight"": null, ""weightUnit"": ""gram"", ""volumeRatio"": 70.0, ""volumeRatioUnit"": ""v/v""}]",19,wt%,Single Needle,14,Flat,,6,0.5,7,21,15-25,TRUE,608,,FALSE
http://dx.doi.org/10.1007/BF03218855,PVDF,TRUE,DMAC-ACETONE,"[{""solventName"": ""DMAC"", ""weight"": null, ""weightUnit"": ""gram"", ""volumeRatio"": 30.0, ""volumeRatioUnit"": ""v/v""}, {""solventName"": ""ACETONE"", ""weight"": null, ""weightUnit"": ""gram"", ""volumeRatio"": 70.0, ""volumeRatioUnit"": ""v/v""}]",19,wt%,Single Needle,14,Flat,,6,0.5,7,21,15-25,TRUE,608,,FALSE
http://dx.doi.org/10.1007/BF03218855,PVDF,TRUE,DMAC-ACETONE,"[{""solventName"": ""DMAC"", ""weight"": null, ""weightUnit"": ""gram"", ""volumeRatio"": 30.0, ""volumeRatioUnit"": ""v/v""}, {""solventName"": ""ACETONE"", ""weight"": null, ""weightUnit"": ""gram"", ""volumeRatio"": 70.0, ""volumeRatioUnit"": ""v/v""}]",19,wt%,Single Needle,14,Flat,,6,0.5,7,21,15-25,TRUE,608,,FALSE
http://dx.doi.org/10.1007/BF03218855,PVDF,TRUE,DMAC-ACETONE,"[{""solventName"": ""DMAC"", ""weight"": null, ""weightUnit"": ""gram"", ""volumeRatio"": 30.0, ""volumeRatioUnit"": ""v/v""}, {""solventName"": ""ACETONE"", ""weight"": null, ""weightUnit"": ""gram"", ""volumeRatio"": 70.0, ""volumeRatioUnit"": ""v/v""}]",19,wt%,Single Needle,14,Flat,,6,0.5,7,21,15-25,TRUE,608,,FALSE
http://dx.doi.org/10.1007/BF03218855,PVDF,TRUE,DMAC-ACETONE,"[{""solventName"": ""DMAC"", ""weight"": null, ""weightUnit"": ""gram"", ""volumeRatio"": 30.0, ""volumeRatioUnit"": ""v/v""}, {""solventName"": ""ACETONE"", ""weight"": null, ""weightUnit"": ""gram"", ""volumeRatio"": 70.0, ""volumeRatioUnit"": ""v/v""}]",19,wt%,Single Needle,14,Flat,,6,0.5,7,21,15-25,TRUE,608,,FALSE
http://dx.doi.org/10.1007/BF03218855,PVDF,TRUE,DMAC-ACETONE,"[{""solventName"": ""DMAC"", ""weight"": null, ""weightUnit"": ""gram"", ""volumeRatio"": 30.0, ""volumeRatioUnit"": ""v/v""}, {""solventName"": ""ACETONE"", ""weight"": null, ""weightUnit"": ""gram"", ""volumeRatio"": 70.0, ""volumeRatioUnit"": ""v/v""}]",19,wt%,Single Needle,14,Flat,,6,0.5,7,21,15-25,TRUE,608,,FALSE
http://dx.doi.org/10.1007/BF03218855,PVDF,TRUE,DMAC-ACETONE,"[{""solventName"": ""DMAC"", ""weight"": null, ""weightUnit"": ""gram"", ""volumeRatio"": 30.0, ""volumeRatioUnit"": ""v/v""}, {""solventName"": ""ACETONE"", ""weight"": null, ""weightUnit"": ""gram"", ""volumeRatio"": 70.0, ""volumeRatioUnit"": ""v/v""}]",19,wt%,Single Needle,14,Flat,,6,0.5,7,21,15-25,TRUE,608,,FALSE
http://dx.doi.org/10.1007/BF03218855,PVDF,TRUE,DMAC-ACETONE,"[{""solventName"": ""DMAC"", ""weight"": null, ""weightUnit"": ""gram"", ""volumeRatio"": 30.0, ""volumeRatioUnit"": ""v/v""}, {""solventName"": ""ACETONE"", ""weight"": null, ""weightUnit"": ""gram"", ""volumeRatio"": 70.0, ""volumeRatioUnit"": ""v/v""}]",19,wt%,Single Needle,14,Flat,,6,0.5,7,21,15-25,TRUE,608,,FALSE
http://dx.doi.org/10.1007/BF03218855,PVDF,TRUE,DMAC-ACETONE,"[{""solventName"": ""DMAC"", ""weight"": null, ""weightUnit"": ""gram"", ""volumeRatio"": 30.0, ""volumeRatioUnit"": ""v/v""}, {""solventName"": ""ACETONE"", ""weight"": null, ""weightUnit"": ""gram"", ""volumeRatio"": 70.0, ""volumeRatioUnit"": ""v/v""}]",19,wt%,Single Needle,14,Flat,,6,0.5,7,21,15-25,TRUE,608,,FALSE
http://dx.doi.org/10.1007/BF03218855,PVDF,TRUE,DMAC-ACETONE,"[{""solventName"": ""DMAC"", ""weight"": null, ""weightUnit"": ""gram"", ""volumeRatio"": 30.0, ""volumeRatioUnit"": ""v/v""}, {""solventName"": ""ACETONE"", ""weight"": null, ""weightUnit"": ""gram"", ""volumeRatio"": 70.0, ""volumeRatioUnit"": ""v/v""}]",19,wt%,Single Needle,14,Flat,,6,0.5,7,21,15-25,TRUE,608,,FALSE
http://dx.doi.org/10.1007/BF03218855,PVDF,TRUE,DMAC-ACETONE,"[{""solventName"": ""DMAC"", ""weight"": null, ""weightUnit"": ""gram"", ""volumeRatio"": 30.0, ""volumeRatioUnit"": ""v/v""}, {""solventName"": ""ACETONE"", ""weight"": null, ""weightUnit"": ""gram"", ""volumeRatio"": 70.0, ""volumeRatioUnit"": ""v/v""}]",19,wt%,Single Needle,14,Flat,,6,0.5,7,21,15-25,TRUE,608,,FALSE
http://dx.doi.org/10.1007/BF03218855,PVDF,TRUE,DMAC-ACETONE,"[{""solventName"": ""DMAC"", ""weight"": null, ""weightUnit"": ""gram"", ""volumeRatio"": 30.0, ""volumeRatioUnit"": ""v/v""}, {""solventName"": ""ACETONE"", ""weight"": null, ""weightUnit"": ""gram"", ""volumeRatio"": 70.0, ""volumeRatioUnit"": ""v/v""}]",19,wt%,Single Needle,14,Flat,,6,0.5,15,21,15-25,TRUE,705,,FALSE
http://dx.doi.org/10.1007/BF03218855,PVDF,TRUE,DMAC-ACETONE,"[{""solventName"": ""DMAC"", ""weight"": null, ""weightUnit"": ""gram"", ""volumeRatio"": 30.0, ""volumeRatioUnit"": ""v/v""}, {""solventName"": ""ACETONE"", ""weight"": null, ""weightUnit"": ""gram"", ""volumeRatio"": 70.0, ""volumeRatioUnit"": ""v/v""}]",19,wt%,Single Needle,14,Flat,,6,0.5,15,21,15-25,TRUE,705,,FALSE
http://dx.doi.org/10.1007/BF03218855,PVDF,TRUE,DMAC-ACETONE,"[{""solventName"": ""DMAC"", ""weight"": null, ""weightUnit"": ""gram"", ""volumeRatio"": 30.0, ""volumeRatioUnit"": ""v/v""}, {""solventName"": ""ACETONE"", ""weight"": null, ""weightUnit"": ""gram"", ""volumeRatio"": 70.0, ""volumeRatioUnit"": ""v/v""}]",19,wt%,Single Needle,14,Flat,,6,0.5,15,21,15-25,TRUE,705,,FALSE
http://dx.doi.org/10.1007/BF03218855,PVDF,TRUE,DMAC-ACETONE,"[{""solventName"": ""DMAC"", ""weight"": null, ""weightUnit"": ""gram"", ""volumeRatio"": 30.0, ""volumeRatioUnit"": ""v/v""}, {""solventName"": ""ACETONE"", ""weight"": null, ""weightUnit"": ""gram"", ""volumeRatio"": 70.0, ""volumeRatioUnit"": ""v/v""}]",19,wt%,Single Needle,14,Flat,,6,0.5,15,21,15-25,TRUE,705,,FALSE
http://dx.doi.org/10.1007/BF03218855,PVDF,TRUE,DMAC-ACETONE,"[{""solventName"": ""DMAC"", ""weight"": null, ""weightUnit"": ""gram"", ""volumeRatio"": 30.0, ""volumeRatioUnit"": ""v/v""}, {""solventName"": ""ACETONE"", ""weight"": null, ""weightUnit"": ""gram"", ""volumeRatio"": 70.0, ""volumeRatioUnit"": ""v/v""}]",19,wt%,Single Needle,14,Flat,,6,0.5,15,21,15-25,TRUE,705,,FALSE
http://dx.doi.org/10.1007/BF03218855,PVDF,TRUE,DMAC-ACETONE,"[{""solventName"": ""DMAC"", ""weight"": null, ""weightUnit"": ""gram"", ""volumeRatio"": 30.0, ""volumeRatioUnit"": ""v/v""}, {""solventName"": ""ACETONE"", ""weight"": null, ""weightUnit"": ""gram"", ""volumeRatio"": 70.0, ""volumeRatioUnit"": ""v/v""}]",19,wt%,Single Needle,14,Flat,,6,0.5,15,21,15-25,TRUE,705,,FALSE
http://dx.doi.org/10.1007/BF03218855,PVDF,TRUE,DMAC-ACETONE,"[{""solventName"": ""DMAC"", ""weight"": null, ""weightUnit"": ""gram"", ""volumeRatio"": 30.0, ""volumeRatioUnit"": ""v/v""}, {""solventName"": ""ACETONE"", ""weight"": null, ""weightUnit"": ""gram"", ""volumeRatio"": 70.0, ""volumeRatioUnit"": ""v/v""}]",19,wt%,Single Needle,14,Flat,,6,0.5,15,21,15-25,TRUE,705,,FALSE
http://dx.doi.org/10.1007/BF03218855,PVDF,TRUE,DMAC-ACETONE,"[{""solventName"": ""DMAC"", ""weight"": null, ""weightUnit"": ""gram"", ""volumeRatio"": 30.0, ""volumeRatioUnit"": ""v/v""}, {""solventName"": ""ACETONE"", ""weight"": null, ""weightUnit"": ""gram"", ""volumeRatio"": 70.0, ""volumeRatioUnit"": ""v/v""}]",19,wt%,Single Needle,14,Flat,,6,0.5,15,21,15-25,TRUE,705,,FALSE
http://dx.doi.org/10.1007/BF03218855,PVDF,TRUE,DMAC-ACETONE,"[{""solventName"": ""DMAC"", ""weight"": null, ""weightUnit"": ""gram"", ""volumeRatio"": 30.0, ""volumeRatioUnit"": ""v/v""}, {""solventName"": ""ACETONE"", ""weight"": null, ""weightUnit"": ""gram"", ""volumeRatio"": 70.0, ""volumeRatioUnit"": ""v/v""}]",19,wt%,Single Needle,14,Flat,,6,0.5,15,21,15-25,TRUE,705,,FALSE
http://dx.doi.org/10.1007/BF03218855,PVDF,TRUE,DMAC-ACETONE,"[{""solventName"": ""DMAC"", ""weight"": null, ""weightUnit"": ""gram"", ""volumeRatio"": 30.0, ""volumeRatioUnit"": ""v/v""}, {""solventName"": ""ACETONE"", ""weight"": null, ""weightUnit"": ""gram"", ""volumeRatio"": 70.0, ""volumeRatioUnit"": ""v/v""}]",19,wt%,Single Needle,14,Flat,,6,0.5,15,21,15-25,TRUE,705,,FALSE
http://dx.doi.org/10.1007/BF03218855,PVDF,TRUE,DMAC-ACETONE,"[{""solventName"": ""DMAC"", ""weight"": null, ""weightUnit"": ""gram"", ""volumeRatio"": 30.0, ""volumeRatioUnit"": ""v/v""}, {""solventName"": ""ACETONE"", ""weight"": null, ""weightUnit"": ""gram"", ""volumeRatio"": 70.0, ""volumeRatioUnit"": ""v/v""}]",19,wt%,Single Needle,14,Flat,,6,0.5,15,21,15-25,TRUE,705,,FALSE
http://dx.doi.org/10.1007/BF03218855,PVDF,TRUE,DMAC-ACETONE,"[{""solventName"": ""DMAC"", ""weight"": null, ""weightUnit"": ""gram"", ""volumeRatio"": 30.0, ""volumeRatioUnit"": ""v/v""}, {""solventName"": ""ACETONE"", ""weight"": null, ""weightUnit"": ""gram"", ""volumeRatio"": 70.0, ""volumeRatioUnit"": ""v/v""}]",19,wt%,Single Needle,14,Flat,,6,0.5,15,21,15-25,TRUE,705,,FALSE
http://dx.doi.org/10.1007/BF03218855,PVDF,TRUE,DMAC-ACETONE,"[{""solventName"": ""DMAC"", ""weight"": null, ""weightUnit"": ""gram"", ""volumeRatio"": 30.0, ""volumeRatioUnit"": ""v/v""}, {""solventName"": ""ACETONE"", ""weight"": null, ""weightUnit"": ""gram"", ""volumeRatio"": 70.0, ""volumeRatioUnit"": ""v/v""}]",19,wt%,Single Needle,14,Flat,,6,1,10,21,15-25,TRUE,484,,FALSE
http://dx.doi.org/10.1007/BF03218855,PVDF,TRUE,DMAC-ACETONE,"[{""solventName"": ""DMAC"", ""weight"": null, ""weightUnit"": ""gram"", ""volumeRatio"": 30.0, ""volumeRatioUnit"": ""v/v""}, {""solventName"": ""ACETONE"", ""weight"": null, ""weightUnit"": ""gram"", ""volumeRatio"": 70.0, ""volumeRatioUnit"": ""v/v""}]",19,wt%,Single Needle,14,Flat,,6,1,10,21,15-25,TRUE,484,,FALSE
http://dx.doi.org/10.1007/BF03218855,PVDF,TRUE,DMAC-ACETONE,"[{""solventName"": ""DMAC"", ""weight"": null, ""weightUnit"": ""gram"", ""volumeRatio"": 30.0, ""volumeRatioUnit"": ""v/v""}, {""solventName"": ""ACETONE"", ""weight"": null, ""weightUnit"": ""gram"", ""volumeRatio"": 70.0, ""volumeRatioUnit"": ""v/v""}]",19,wt%,Single Needle,14,Flat,,6,1,10,21,15-25,TRUE,484,,FALSE
http://dx.doi.org/10.1007/BF03218855,PVDF,TRUE,DMAC-ACETONE,"[{""solventName"": ""DMAC"", ""weight"": null, ""weightUnit"": ""gram"", ""volumeRatio"": 30.0, ""volumeRatioUnit"": ""v/v""}, {""solventName"": ""ACETONE"", ""weight"": null, ""weightUnit"": ""gram"", ""volumeRatio"": 70.0, ""volumeRatioUnit"": ""v/v""}]",19,wt%,Single Needle,14,Flat,,6,1,10,21,15-25,TRUE,484,,FALSE
http://dx.doi.org/10.1007/BF03218855,PVDF,TRUE,DMAC-ACETONE,"[{""solventName"": ""DMAC"", ""weight"": null, ""weightUnit"": ""gram"", ""volumeRatio"": 30.0, ""volumeRatioUnit"": ""v/v""}, {""solventName"": ""ACETONE"", ""weight"": null, ""weightUnit"": ""gram"", ""volumeRatio"": 70.0, ""volumeRatioUnit"": ""v/v""}]",19,wt%,Single Needle,14,Flat,,6,1,10,21,15-25,TRUE,484,,FALSE
http://dx.doi.org/10.1007/BF03218855,PVDF,TRUE,DMAC-ACETONE,"[{""solventName"": ""DMAC"", ""weight"": null, ""weightUnit"": ""gram"", ""volumeRatio"": 30.0, ""volumeRatioUnit"": ""v/v""}, {""solventName"": ""ACETONE"", ""weight"": null, ""weightUnit"": ""gram"", ""volumeRatio"": 70.0, ""volumeRatioUnit"": ""v/v""}]",19,wt%,Single Needle,14,Flat,,6,1,10,21,15-25,TRUE,484,,FALSE
http://dx.doi.org/10.1007/BF03218855,PVDF,TRUE,DMAC-ACETONE,"[{""solventName"": ""DMAC"", ""weight"": null, ""weightUnit"": ""gram"", ""volumeRatio"": 30.0, ""volumeRatioUnit"": ""v/v""}, {""solventName"": ""ACETONE"", ""weight"": null, ""weightUnit"": ""gram"", ""volumeRatio"": 70.0, ""volumeRatioUnit"": ""v/v""}]",19,wt%,Single Needle,14,Flat,,6,1,10,21,15-25,TRUE,484,,FALSE
http://dx.doi.org/10.1007/BF03218855,PVDF,TRUE,DMAC-ACETONE,"[{""solventName"": ""DMAC"", ""weight"": null, ""weightUnit"": ""gram"", ""volumeRatio"": 30.0, ""volumeRatioUnit"": ""v/v""}, {""solventName"": ""ACETONE"", ""weight"": null, ""weightUnit"": ""gram"", ""volumeRatio"": 70.0, ""volumeRatioUnit"": ""v/v""}]",19,wt%,Single Needle,14,Flat,,6,1,10,21,15-25,TRUE,484,,FALSE
https://doi.org/10.1016/j.polymer.2020.123366,PVDF,TRUE,DMF-ACETONE,"[{""solventName"": ""DMF"", ""weight"": null, ""weightUnit"": ""gram"", ""volumeRatio"": 60.0, ""volumeRatioUnit"": ""v/v""}, {""solventName"": ""ACETONE"", ""weight"": null, ""weightUnit"": ""gram"", ""volumeRatio"": 40.0, ""volumeRatioUnit"": ""v/v""}]",20,wt%,Single Needle,14,Rolling Drum,1500,18,2,15,21,15-25,TRUE,305,,FALSE
https://doi.org/10.1016/j.polymer.2020.123366,PVDF,TRUE,DMF-ACETONE,"[{""solventName"": ""DMF"", ""weight"": null, ""weightUnit"": ""gram"", ""volumeRatio"": 60.0, ""volumeRatioUnit"": ""v/v""}, {""solventName"": ""ACETONE"", ""weight"": null, ""weightUnit"": ""gram"", ""volumeRatio"": 40.0, ""volumeRatioUnit"": ""v/v""}]",20,wt%,Single Needle,14,Rolling Drum,1500,18,2,15,21,15-25,TRUE,305,,FALSE
https://doi.org/10.1016/j.polymer.2020.123366,PVDF,TRUE,DMF-ACETONE,"[{""solventName"": ""DMF"", ""weight"": null, ""weightUnit"": ""gram"", ""volumeRatio"": 60.0, ""volumeRatioUnit"": ""v/v""}, {""solventName"": ""ACETONE"", ""weight"": null, ""weightUnit"": ""gram"", ""volumeRatio"": 40.0, ""volumeRatioUnit"": ""v/v""}]",20,wt%,Single Needle,14,Rolling Drum,1500,18,2,15,21,15-25,TRUE,305,,FALSE
https://doi.org/10.1016/j.polymer.2020.123366,PVDF,TRUE,DMF-ACETONE,"[{""solventName"": ""DMF"", ""weight"": null, ""weightUnit"": ""gram"", ""volumeRatio"": 60.0, ""volumeRatioUnit"": ""v/v""}, {""solventName"": ""ACETONE"", ""weight"": null, ""weightUnit"": ""gram"", ""volumeRatio"": 40.0, ""volumeRatioUnit"": ""v/v""}]",20,wt%,Single Needle,14,Rolling Drum,1500,18,2,15,21,15-25,TRUE,305,,FALSE
https://doi.org/10.1016/j.polymer.2020.123366,PVDF,TRUE,DMF-ACETONE,"[{""solventName"": ""DMF"", ""weight"": null, ""weightUnit"": ""gram"", ""volumeRatio"": 60.0, ""volumeRatioUnit"": ""v/v""}, {""solventName"": ""ACETONE"", ""weight"": null, ""weightUnit"": ""gram"", ""volumeRatio"": 40.0, ""volumeRatioUnit"": ""v/v""}]",20,wt%,Single Needle,14,Rolling Drum,1500,18,2,15,21,15-25,TRUE,305,,FALSE
https://doi.org/10.1016/j.polymer.2020.123366,PVDF,TRUE,DMF-ACETONE,"[{""solventName"": ""DMF"", ""weight"": null, ""weightUnit"": ""gram"", ""volumeRatio"": 60.0, ""volumeRatioUnit"": ""v/v""}, {""solventName"": ""ACETONE"", ""weight"": null, ""weightUnit"": ""gram"", ""volumeRatio"": 40.0, ""volumeRatioUnit"": ""v/v""}]",20,wt%,Single Needle,14,Rolling Drum,1500,18,2,15,21,15-25,TRUE,305,,FALSE
https://doi.org/10.1016/j.polymer.2020.123366,PVDF,TRUE,DMF-ACETONE,"[{""solventName"": ""DMF"", ""weight"": null, ""weightUnit"": ""gram"", ""volumeRatio"": 60.0, ""volumeRatioUnit"": ""v/v""}, {""solventName"": ""ACETONE"", ""weight"": null, ""weightUnit"": ""gram"", ""volumeRatio"": 40.0, ""volumeRatioUnit"": ""v/v""}]",20,wt%,Single Needle,14,Rolling Drum,1500,18,2,15,21,15-25,TRUE,305,,FALSE
https://doi.org/10.1016/j.polymer.2020.123366,PVDF,TRUE,DMF-ACETONE,"[{""solventName"": ""DMF"", ""weight"": null, ""weightUnit"": ""gram"", ""volumeRatio"": 60.0, ""volumeRatioUnit"": ""v/v""}, {""solventName"": ""ACETONE"", ""weight"": null, ""weightUnit"": ""gram"", ""volumeRatio"": 40.0, ""volumeRatioUnit"": ""v/v""}]",20,wt%,Single Needle,14,Rolling Drum,1500,18,2,15,21,15-25,TRUE,305,,FALSE
https://doi.org/10.1016/j.polymer.2020.123366,PVDF,TRUE,DMF-ACETONE,"[{""solventName"": ""DMF"", ""weight"": null, ""weightUnit"": ""gram"", ""volumeRatio"": 60.0, ""volumeRatioUnit"": ""v/v""}, {""solventName"": ""ACETONE"", ""weight"": null, ""weightUnit"": ""gram"", ""volumeRatio"": 40.0, ""volumeRatioUnit"": ""v/v""}]",20,wt%,Single Needle,14,Rolling Drum,1500,18,2,15,21,15-25,TRUE,305,,FALSE
https://doi.org/10.1016/j.polymer.2020.123366,PVDF,TRUE,DMF-ACETONE,"[{""solventName"": ""DMF"", ""weight"": null, ""weightUnit"": ""gram"", ""volumeRatio"": 60.0, ""volumeRatioUnit"": ""v/v""}, {""solventName"": ""ACETONE"", ""weight"": null, ""weightUnit"": ""gram"", ""volumeRatio"": 40.0, ""volumeRatioUnit"": ""v/v""}]",20,wt%,Single Needle,14,Rolling Drum,1500,18,2,15,21,15-25,TRUE,305,,FALSE
https://doi.org/10.1016/j.polymer.2020.123366,PVDF,TRUE,DMF-ACETONE,"[{""solventName"": ""DMF"", ""weight"": null, ""weightUnit"": ""gram"", ""volumeRatio"": 60.0, ""volumeRatioUnit"": ""v/v""}, {""solventName"": ""ACETONE"", ""weight"": null, ""weightUnit"": ""gram"", ""volumeRatio"": 40.0, ""volumeRatioUnit"": ""v/v""}]",20,wt%,Single Needle,14,Rolling Drum,1500,18,2,15,21,15-25,TRUE,305,,FALSE
https://doi.org/10.1016/j.polymer.2020.123366,PVDF,TRUE,DMF-ACETONE,"[{""solventName"": ""DMF"", ""weight"": null, ""weightUnit"": ""gram"", ""volumeRatio"": 60.0, ""volumeRatioUnit"": ""v/v""}, {""solventName"": ""ACETONE"", ""weight"": null, ""weightUnit"": ""gram"", ""volumeRatio"": 40.0, ""volumeRatioUnit"": ""v/v""}]",20,wt%,Single Needle,14,Rolling Drum,1500,18,2,15,21,15-25,TRUE,305,,FALSE
https://doi.org/10.1016/j.polymer.2020.123366,PVDF,TRUE,DMF-ACETONE,"[{""solventName"": ""DMF"", ""weight"": null, ""weightUnit"": ""gram"", ""volumeRatio"": 60.0, ""volumeRatioUnit"": ""v/v""}, {""solventName"": ""ACETONE"", ""weight"": null, ""weightUnit"": ""gram"", ""volumeRatio"": 40.0, ""volumeRatioUnit"": ""v/v""}]",20,wt%,Single Needle,14,Rolling Drum,1500,18,2,15,21,15-25,TRUE,305,,FALSE
https://doi.org/10.1177/00219983221144696,PVDF,TRUE,DMF-ACETONE,"[{""solventName"": ""DMF"", ""weight"": null, ""weightUnit"": ""gram"", ""volumeRatio"": 40.0, ""volumeRatioUnit"": ""v/v""}, {""solventName"": ""ACETONE"", ""weight"": null, ""weightUnit"": ""gram"", ""volumeRatio"": 60.0, ""volumeRatioUnit"": ""v/v""}]",10,wt%,Single Needle,13,Flat,,14,0.8,15,20,50,TRUE,98.8,,FALSE
https://doi.org/10.1177/00219983221144696,PVDF,TRUE,DMF-ACETONE,"[{""solventName"": ""DMF"", ""weight"": null, ""weightUnit"": ""gram"", ""volumeRatio"": 40.0, ""volumeRatioUnit"": ""v/v""}, {""solventName"": ""ACETONE"", ""weight"": null, ""weightUnit"": ""gram"", ""volumeRatio"": 60.0, ""volumeRatioUnit"": ""v/v""}]",10,wt%,Single Needle,13,Flat,,14,0.8,15,20,50,TRUE,98.8,,FALSE
https://doi.org/10.1177/00219983221144696,PVDF,TRUE,DMF-ACETONE,"[{""solventName"": ""DMF"", ""weight"": null, ""weightUnit"": ""gram"", ""volumeRatio"": 40.0, ""volumeRatioUnit"": ""v/v""}, {""solventName"": ""ACETONE"", ""weight"": null, ""weightUnit"": ""gram"", ""volumeRatio"": 60.0, ""volumeRatioUnit"": ""v/v""}]",10,wt%,Single Needle,13,Flat,,14,0.8,15,20,50,TRUE,98.8,,FALSE
https://doi.org/10.1177/00219983221144696,PVDF,TRUE,DMF-ACETONE,"[{""solventName"": ""DMF"", ""weight"": null, ""weightUnit"": ""gram"", ""volumeRatio"": 40.0, ""volumeRatioUnit"": ""v/v""}, {""solventName"": ""ACETONE"", ""weight"": null, ""weightUnit"": ""gram"", ""volumeRatio"": 60.0, ""volumeRatioUnit"": ""v/v""}]",10,wt%,Single Needle,13,Flat,,14,0.8,15,20,50,TRUE,98.8,,FALSE
https://doi.org/10.1177/00219983221144696,PVDF,TRUE,DMF-ACETONE,"[{""solventName"": ""DMF"", ""weight"": null, ""weightUnit"": ""gram"", ""volumeRatio"": 40.0, ""volumeRatioUnit"": ""v/v""}, {""solventName"": ""ACETONE"", ""weight"": null, ""weightUnit"": ""gram"", ""volumeRatio"": 60.0, ""volumeRatioUnit"": ""v/v""}]",10,wt%,Single Needle,13,Flat,,14,0.8,15,20,50,TRUE,98.8,,FALSE
https://doi.org/10.1177/00219983221144696,PVDF,TRUE,DMF-ACETONE,"[{""solventName"": ""DMF"", ""weight"": null, ""weightUnit"": ""gram"", ""volumeRatio"": 40.0, ""volumeRatioUnit"": ""v/v""}, {""solventName"": ""ACETONE"", ""weight"": null, ""weightUnit"": ""gram"", ""volumeRatio"": 60.0, ""volumeRatioUnit"": ""v/v""}]",10,wt%,Single Needle,13,Flat,,14,0.8,15,20,50,TRUE,98.8,,FALSE
https://doi.org/10.1177/00219983221144696,PVDF,TRUE,DMF-ACETONE,"[{""solventName"": ""DMF"", ""weight"": null, ""weightUnit"": ""gram"", ""volumeRatio"": 40.0, ""volumeRatioUnit"": ""v/v""}, {""solventName"": ""ACETONE"", ""weight"": null, ""weightUnit"": ""gram"", ""volumeRatio"": 60.0, ""volumeRatioUnit"": ""v/v""}]",10,wt%,Single Needle,13,Flat,,14,0.8,15,20,50,TRUE,98.8,,FALSE
https://doi.org/10.1177/00219983221144696,PVDF,TRUE,DMF-ACETONE,"[{""solventName"": ""DMF"", ""weight"": null, ""weightUnit"": ""gram"", ""volumeRatio"": 40.0, ""volumeRatioUnit"": ""v/v""}, {""solventName"": ""ACETONE"", ""weight"": null, ""weightUnit"": ""gram"", ""volumeRatio"": 60.0, ""volumeRatioUnit"": ""v/v""}]",10,wt%,Single Needle,13,Flat,,14,0.8,15,20,50,TRUE,98.8,,FALSE
https://doi.org/10.1177/00219983221144696,PVDF,TRUE,DMF-ACETONE,"[{""solventName"": ""DMF"", ""weight"": null, ""weightUnit"": ""gram"", ""volumeRatio"": 40.0, ""volumeRatioUnit"": ""v/v""}, {""solventName"": ""ACETONE"", ""weight"": null, ""weightUnit"": ""gram"", ""volumeRatio"": 60.0, ""volumeRatioUnit"": ""v/v""}]",10,wt%,Single Needle,13,Flat,,14,0.8,15,20,50,TRUE,98.8,,FALSE
https://doi.org/10.1177/00219983221144696,PVDF,TRUE,DMF-ACETONE,"[{""solventName"": ""DMF"", ""weight"": null, ""weightUnit"": ""gram"", ""volumeRatio"": 40.0, ""volumeRatioUnit"": ""v/v""}, {""solventName"": ""ACETONE"", ""weight"": null, ""weightUnit"": ""gram"", ""volumeRatio"": 60.0, ""volumeRatioUnit"": ""v/v""}]",10,wt%,Single Needle,13,Flat,,14,0.8,15,20,50,TRUE,98.8,,FALSE
https://doi.org/10.1177/00219983221144696,PVDF,TRUE,DMF-ACETONE,"[{""solventName"": ""DMF"", ""weight"": null, ""weightUnit"": ""gram"", ""volumeRatio"": 40.0, ""volumeRatioUnit"": ""v/v""}, {""solventName"": ""ACETONE"", ""weight"": null, ""weightUnit"": ""gram"", ""volumeRatio"": 60.0, ""volumeRatioUnit"": ""v/v""}]",10,wt%,Single Needle,13,Flat,,14,0.8,15,20,50,TRUE,98.8,,FALSE
https://doi.org/10.1177/00219983221144696,PVDF,TRUE,DMF-ACETONE,"[{""solventName"": ""DMF"", ""weight"": null, ""weightUnit"": ""gram"", ""volumeRatio"": 80.0, ""volumeRatioUnit"": ""v/v""}, {""solventName"": ""ACETONE"", ""weight"": null, ""weightUnit"": ""gram"", ""volumeRatio"": 20.0, ""volumeRatioUnit"": ""v/v""}]",15,wt%,Single Needle,13,Flat,,14,0.8,15,20,50,TRUE,96.5,,FALSE
https://doi.org/10.1177/00219983221144696,PVDF,TRUE,DMF-ACETONE,"[{""solventName"": ""DMF"", ""weight"": null, ""weightUnit"": ""gram"", ""volumeRatio"": 80.0, ""volumeRatioUnit"": ""v/v""}, {""solventName"": ""ACETONE"", ""weight"": null, ""weightUnit"": ""gram"", ""volumeRatio"": 20.0, ""volumeRatioUnit"": ""v/v""}]",15,wt%,Single Needle,13,Flat,,14,0.8,15,20,50,TRUE,96.5,,FALSE
https://doi.org/10.1177/00219983221144696,PVDF,TRUE,DMF-ACETONE,"[{""solventName"": ""DMF"", ""weight"": null, ""weightUnit"": ""gram"", ""volumeRatio"": 80.0, ""volumeRatioUnit"": ""v/v""}, {""solventName"": ""ACETONE"", ""weight"": null, ""weightUnit"": ""gram"", ""volumeRatio"": 20.0, ""volumeRatioUnit"": ""v/v""}]",15,wt%,Single Needle,13,Flat,,14,0.8,15,20,50,TRUE,96.5,,FALSE
https://doi.org/10.1177/00219983221144696,PVDF,TRUE,DMF-ACETONE,"[{""solventName"": ""DMF"", ""weight"": null, ""weightUnit"": ""gram"", ""volumeRatio"": 80.0, ""volumeRatioUnit"": ""v/v""}, {""solventName"": ""ACETONE"", ""weight"": null, ""weightUnit"": ""gram"", ""volumeRatio"": 20.0, ""volumeRatioUnit"": ""v/v""}]",15,wt%,Single Needle,13,Flat,,14,0.8,15,20,50,TRUE,96.5,,FALSE
https://doi.org/10.1177/00219983221144696,PVDF,TRUE,DMF-ACETONE,"[{""solventName"": ""DMF"", ""weight"": null, ""weightUnit"": ""gram"", ""volumeRatio"": 80.0, ""volumeRatioUnit"": ""v/v""}, {""solventName"": ""ACETONE"", ""weight"": null, ""weightUnit"": ""gram"", ""volumeRatio"": 20.0, ""volumeRatioUnit"": ""v/v""}]",15,wt%,Single Needle,13,Flat,,14,0.8,15,20,50,TRUE,96.5,,FALSE
https://doi.org/10.1177/00219983221144696,PVDF,TRUE,DMF-ACETONE,"[{""solventName"": ""DMF"", ""weight"": null, ""weightUnit"": ""gram"", ""volumeRatio"": 80.0, ""volumeRatioUnit"": ""v/v""}, {""solventName"": ""ACETONE"", ""weight"": null, ""weightUnit"": ""gram"", ""volumeRatio"": 20.0, ""volumeRatioUnit"": ""v/v""}]",15,wt%,Single Needle,13,Flat,,14,0.8,15,20,50,TRUE,96.5,,FALSE
https://doi.org/10.1177/00219983221144696,PVDF,TRUE,DMF-ACETONE,"[{""solventName"": ""DMF"", ""weight"": null, ""weightUnit"": ""gram"", ""volumeRatio"": 80.0, ""volumeRatioUnit"": ""v/v""}, {""solventName"": ""ACETONE"", ""weight"": null, ""weightUnit"": ""gram"", ""volumeRatio"": 20.0, ""volumeRatioUnit"": ""v/v""}]",15,wt%,Single Needle,13,Flat,,14,0.8,15,20,50,TRUE,96.5,,FALSE
https://doi.org/10.1177/00219983221144696,PVDF,TRUE,DMF-ACETONE,"[{""solventName"": ""DMF"", ""weight"": null, ""weightUnit"": ""gram"", ""volumeRatio"": 80.0, ""volumeRatioUnit"": ""v/v""}, {""solventName"": ""ACETONE"", ""weight"": null, ""weightUnit"": ""gram"", ""volumeRatio"": 20.0, ""volumeRatioUnit"": ""v/v""}]",15,wt%,Single Needle,13,Flat,,14,0.8,15,20,50,TRUE,96.5,,FALSE
https://doi.org/10.1177/00219983221144696,PVDF,TRUE,DMF-ACETONE,"[{""solventName"": ""DMF"", ""weight"": null, ""weightUnit"": ""gram"", ""volumeRatio"": 60.0, ""volumeRatioUnit"": ""v/v""}, {""solventName"": ""ACETONE"", ""weight"": null, ""weightUnit"": ""gram"", ""volumeRatio"": 40.0, ""volumeRatioUnit"": ""v/v""}]",15,wt%,Single Needle,13,Flat,,14,0.8,15,20,50,TRUE,252.9,,FALSE
https://doi.org/10.1177/00219983221144696,PVDF,TRUE,DMF-ACETONE,"[{""solventName"": ""DMF"", ""weight"": null, ""weightUnit"": ""gram"", ""volumeRatio"": 60.0, ""volumeRatioUnit"": ""v/v""}, {""solventName"": ""ACETONE"", ""weight"": null, ""weightUnit"": ""gram"", ""volumeRatio"": 40.0, ""volumeRatioUnit"": ""v/v""}]",15,wt%,Single Needle,13,Flat,,14,0.8,15,20,50,TRUE,252.9,,FALSE
https://doi.org/10.1177/00219983221144696,PVDF,TRUE,DMF-ACETONE,"[{""solventName"": ""DMF"", ""weight"": null, ""weightUnit"": ""gram"", ""volumeRatio"": 60.0, ""volumeRatioUnit"": ""v/v""}, {""solventName"": ""ACETONE"", ""weight"": null, ""weightUnit"": ""gram"", ""volumeRatio"": 40.0, ""volumeRatioUnit"": ""v/v""}]",15,wt%,Single Needle,13,Flat,,14,0.8,15,20,50,TRUE,252.9,,FALSE
https://doi.org/10.1177/00219983221144696,PVDF,TRUE,DMF-ACETONE,"[{""solventName"": ""DMF"", ""weight"": null, ""weightUnit"": ""gram"", ""volumeRatio"": 60.0, ""volumeRatioUnit"": ""v/v""}, {""solventName"": ""ACETONE"", ""weight"": null, ""weightUnit"": ""gram"", ""volumeRatio"": 40.0, ""volumeRatioUnit"": ""v/v""}]",15,wt%,Single Needle,13,Flat,,14,0.8,15,20,50,TRUE,252.9,,FALSE
https://doi.org/10.1177/00219983221144696,PVDF,TRUE,DMF-ACETONE,"[{""solventName"": ""DMF"", ""weight"": null, ""weightUnit"": ""gram"", ""volumeRatio"": 60.0, ""volumeRatioUnit"": ""v/v""}, {""solventName"": ""ACETONE"", ""weight"": null, ""weightUnit"": ""gram"", ""volumeRatio"": 40.0, ""volumeRatioUnit"": ""v/v""}]",15,wt%,Single Needle,13,Flat,,14,0.8,15,20,50,TRUE,252.9,,FALSE
https://doi.org/10.1177/00219983221144696,PVDF,TRUE,DMF-ACETONE,"[{""solventName"": ""DMF"", ""weight"": null, ""weightUnit"": ""gram"", ""volumeRatio"": 60.0, ""volumeRatioUnit"": ""v/v""}, {""solventName"": ""ACETONE"", ""weight"": null, ""weightUnit"": ""gram"", ""volumeRatio"": 40.0, ""volumeRatioUnit"": ""v/v""}]",15,wt%,Single Needle,13,Flat,,14,0.8,15,20,50,TRUE,252.9,,FALSE
https://doi.org/10.1177/00219983221144696,PVDF,TRUE,DMF-ACETONE,"[{""solventName"": ""DMF"", ""weight"": null, ""weightUnit"": ""gram"", ""volumeRatio"": 60.0, ""volumeRatioUnit"": ""v/v""}, {""solventName"": ""ACETONE"", ""weight"": null, ""weightUnit"": ""gram"", ""volumeRatio"": 40.0, ""volumeRatioUnit"": ""v/v""}]",15,wt%,Single Needle,13,Flat,,14,0.8,15,20,50,TRUE,252.9,,FALSE
https://doi.org/10.1177/00219983221144696,PVDF,TRUE,DMF-ACETONE,"[{""solventName"": ""DMF"", ""weight"": null, ""weightUnit"": ""gram"", ""volumeRatio"": 60.0, ""volumeRatioUnit"": ""v/v""}, {""solventName"": ""ACETONE"", ""weight"": null, ""weightUnit"": ""gram"", ""volumeRatio"": 40.0, ""volumeRatioUnit"": ""v/v""}]",15,wt%,Single Needle,13,Flat,,14,0.8,15,20,50,TRUE,252.9,,FALSE
https://doi.org/10.1177/00219983221144696,PVDF,TRUE,DMF-ACETONE,"[{""solventName"": ""DMF"", ""weight"": null, ""weightUnit"": ""gram"", ""volumeRatio"": 40.0, ""volumeRatioUnit"": ""v/v""}, {""solventName"": ""ACETONE"", ""weight"": null, ""weightUnit"": ""gram"", ""volumeRatio"": 60.0, ""volumeRatioUnit"": ""v/v""}]",15,wt%,Single Needle,13,Flat,,14,0.8,15,20,50,TRUE,504,,FALSE
https://doi.org/10.1177/00219983221144696,PVDF,TRUE,DMF-ACETONE,"[{""solventName"": ""DMF"", ""weight"": null, ""weightUnit"": ""gram"", ""volumeRatio"": 40.0, ""volumeRatioUnit"": ""v/v""}, {""solventName"": ""ACETONE"", ""weight"": null, ""weightUnit"": ""gram"", ""volumeRatio"": 60.0, ""volumeRatioUnit"": ""v/v""}]",15,wt%,Single Needle,13,Flat,,14,0.8,15,20,50,TRUE,504,,FALSE
https://doi.org/10.1177/00219983221144696,PVDF,TRUE,DMF-ACETONE,"[{""solventName"": ""DMF"", ""weight"": null, ""weightUnit"": ""gram"", ""volumeRatio"": 40.0, ""volumeRatioUnit"": ""v/v""}, {""solventName"": ""ACETONE"", ""weight"": null, ""weightUnit"": ""gram"", ""volumeRatio"": 60.0, ""volumeRatioUnit"": ""v/v""}]",15,wt%,Single Needle,13,Flat,,14,0.8,15,20,50,TRUE,504,,FALSE
https://doi.org/10.1177/00219983221144696,PVDF,TRUE,DMF-ACETONE,"[{""solventName"": ""DMF"", ""weight"": null, ""weightUnit"": ""gram"", ""volumeRatio"": 40.0, ""volumeRatioUnit"": ""v/v""}, {""solventName"": ""ACETONE"", ""weight"": null, ""weightUnit"": ""gram"", ""volumeRatio"": 60.0, ""volumeRatioUnit"": ""v/v""}]",15,wt%,Single Needle,13,Flat,,14,0.8,15,20,50,TRUE,504,,FALSE
https://doi.org/10.1177/00219983221144696,PVDF,TRUE,DMF-ACETONE,"[{""solventName"": ""DMF"", ""weight"": null, ""weightUnit"": ""gram"", ""volumeRatio"": 40.0, ""volumeRatioUnit"": ""v/v""}, {""solventName"": ""ACETONE"", ""weight"": null, ""weightUnit"": ""gram"", ""volumeRatio"": 60.0, ""volumeRatioUnit"": ""v/v""}]",15,wt%,Single Needle,13,Flat,,14,0.8,15,20,50,TRUE,504,,FALSE
https://doi.org/10.1177/00219983221144696,PVDF,TRUE,DMF-ACETONE,"[{""solventName"": ""DMF"", ""weight"": null, ""weightUnit"": ""gram"", ""volumeRatio"": 40.0, ""volumeRatioUnit"": ""v/v""}, {""solventName"": ""ACETONE"", ""weight"": null, ""weightUnit"": ""gram"", ""volumeRatio"": 60.0, ""volumeRatioUnit"": ""v/v""}]",15,wt%,Single Needle,13,Flat,,14,0.8,15,20,50,TRUE,504,,FALSE
https://doi.org/10.1177/00219983221144696,PVDF,TRUE,DMF-ACETONE,"[{""solventName"": ""DMF"", ""weight"": null, ""weightUnit"": ""gram"", ""volumeRatio"": 40.0, ""volumeRatioUnit"": ""v/v""}, {""solventName"": ""ACETONE"", ""weight"": null, ""weightUnit"": ""gram"", ""volumeRatio"": 60.0, ""volumeRatioUnit"": ""v/v""}]",15,wt%,Single Needle,13,Flat,,14,0.8,15,20,50,TRUE,504,,FALSE
https://doi.org/10.1177/00219983221144696,PVDF,TRUE,DMF-ACETONE,"[{""solventName"": ""DMF"", ""weight"": null, ""weightUnit"": ""gram"", ""volumeRatio"": 40.0, ""volumeRatioUnit"": ""v/v""}, {""solventName"": ""ACETONE"", ""weight"": null, ""weightUnit"": ""gram"", ""volumeRatio"": 60.0, ""volumeRatioUnit"": ""v/v""}]",15,wt%,Single Needle,13,Flat,,14,0.8,15,20,50,TRUE,504,,FALSE
https://doi.org/10.1177/00219983221144696,PVDF,TRUE,DMF-ACETONE,"[{""solventName"": ""DMF"", ""weight"": null, ""weightUnit"": ""gram"", ""volumeRatio"": 40.0, ""volumeRatioUnit"": ""v/v""}, {""solventName"": ""ACETONE"", ""weight"": null, ""weightUnit"": ""gram"", ""volumeRatio"": 60.0, ""volumeRatioUnit"": ""v/v""}]",15,wt%,Single Needle,13,Flat,,14,0.8,15,20,50,TRUE,504,,FALSE
https://doi.org/10.1177/00219983221144696,PVDF,TRUE,DMF-ACETONE,"[{""solventName"": ""DMF"", ""weight"": null, ""weightUnit"": ""gram"", ""volumeRatio"": 60.0, ""volumeRatioUnit"": ""v/v""}, {""solventName"": ""ACETONE"", ""weight"": null, ""weightUnit"": ""gram"", ""volumeRatio"": 40.0, ""volumeRatioUnit"": ""v/v""}]",20,wt%,Single Needle,13,Flat,,14,0.8,15,20,50,TRUE,888.1,,FALSE
https://doi.org/10.1177/00219983221144696,PVDF,TRUE,DMF-ACETONE,"[{""solventName"": ""DMF"", ""weight"": null, ""weightUnit"": ""gram"", ""volumeRatio"": 60.0, ""volumeRatioUnit"": ""v/v""}, {""solventName"": ""ACETONE"", ""weight"": null, ""weightUnit"": ""gram"", ""volumeRatio"": 40.0, ""volumeRatioUnit"": ""v/v""}]",20,wt%,Single Needle,13,Flat,,14,0.8,15,20,50,TRUE,888.1,,FALSE
https://doi.org/10.1177/00219983221144696,PVDF,TRUE,DMF-ACETONE,"[{""solventName"": ""DMF"", ""weight"": null, ""weightUnit"": ""gram"", ""volumeRatio"": 60.0, ""volumeRatioUnit"": ""v/v""}, {""solventName"": ""ACETONE"", ""weight"": null, ""weightUnit"": ""gram"", ""volumeRatio"": 40.0, ""volumeRatioUnit"": ""v/v""}]",20,wt%,Single Needle,13,Flat,,14,0.8,15,20,50,TRUE,888.1,,FALSE
https://doi.org/10.1177/00219983221144696,PVDF,TRUE,DMF-ACETONE,"[{""solventName"": ""DMF"", ""weight"": null, ""weightUnit"": ""gram"", ""volumeRatio"": 60.0, ""volumeRatioUnit"": ""v/v""}, {""solventName"": ""ACETONE"", ""weight"": null, ""weightUnit"": ""gram"", ""volumeRatio"": 40.0, ""volumeRatioUnit"": ""v/v""}]",20,wt%,Single Needle,13,Flat,,14,0.8,15,20,50,TRUE,888.1,,FALSE
https://doi.org/10.1177/00219983221144696,PVDF,TRUE,DMF-ACETONE,"[{""solventName"": ""DMF"", ""weight"": null, ""weightUnit"": ""gram"", ""volumeRatio"": 60.0, ""volumeRatioUnit"": ""v/v""}, {""solventName"": ""ACETONE"", ""weight"": null, ""weightUnit"": ""gram"", ""volumeRatio"": 40.0, ""volumeRatioUnit"": ""v/v""}]",20,wt%,Single Needle,13,Flat,,14,0.8,15,20,50,TRUE,888.1,,FALSE
https://doi.org/10.1177/00219983221144696,PVDF,TRUE,DMF-ACETONE,"[{""solventName"": ""DMF"", ""weight"": null, ""weightUnit"": ""gram"", ""volumeRatio"": 60.0, ""volumeRatioUnit"": ""v/v""}, {""solventName"": ""ACETONE"", ""weight"": null, ""weightUnit"": ""gram"", ""volumeRatio"": 40.0, ""volumeRatioUnit"": ""v/v""}]",20,wt%,Single Needle,13,Flat,,14,0.8,15,20,50,TRUE,888.1,,FALSE
https://doi.org/10.1177/00219983221144696,PVDF,TRUE,DMF-ACETONE,"[{""solventName"": ""DMF"", ""weight"": null, ""weightUnit"": ""gram"", ""volumeRatio"": 60.0, ""volumeRatioUnit"": ""v/v""}, {""solventName"": ""ACETONE"", ""weight"": null, ""weightUnit"": ""gram"", ""volumeRatio"": 40.0, ""volumeRatioUnit"": ""v/v""}]",20,wt%,Single Needle,13,Flat,,14,0.8,15,20,50,TRUE,888.1,,FALSE
https://doi.org/10.1177/00219983221144696,PVDF,TRUE,DMF-ACETONE,"[{""solventName"": ""DMF"", ""weight"": null, ""weightUnit"": ""gram"", ""volumeRatio"": 60.0, ""volumeRatioUnit"": ""v/v""}, {""solventName"": ""ACETONE"", ""weight"": null, ""weightUnit"": ""gram"", ""volumeRatio"": 40.0, ""volumeRatioUnit"": ""v/v""}]",20,wt%,Single Needle,13,Flat,,14,0.8,15,20,50,TRUE,888.1,,FALSE
https://doi.org/10.1016/j.mtsust.2022.100275,PVDF,TRUE,DMF-ACETONE,"[{""solventName"": ""DMF"", ""weight"": null, ""weightUnit"": ""gram"", ""volumeRatio"": 40.0, ""volumeRatioUnit"": ""v/v""}, {""solventName"": ""ACETONE"", ""weight"": null, ""weightUnit"": ""gram"", ""volumeRatio"": 60.0, ""volumeRatioUnit"": ""v/v""}]",20,wt%,Single Needle,13,Rolling Drum,100,15,1,15,,45,TRUE,338,,FALSE
https://doi.org/10.1016/j.mtsust.2022.100275,PVDF,TRUE,DMF-ACETONE,"[{""solventName"": ""DMF"", ""weight"": null, ""weightUnit"": ""gram"", ""volumeRatio"": 40.0, ""volumeRatioUnit"": ""v/v""}, {""solventName"": ""ACETONE"", ""weight"": null, ""weightUnit"": ""gram"", ""volumeRatio"": 60.0, ""volumeRatioUnit"": ""v/v""}]",20,wt%,Single Needle,13,Rolling Drum,100,15,1,15,,45,TRUE,338,,FALSE
https://doi.org/10.1016/j.mtsust.2022.100275,PVDF,TRUE,DMF-ACETONE,"[{""solventName"": ""DMF"", ""weight"": null, ""weightUnit"": ""gram"", ""volumeRatio"": 40.0, ""volumeRatioUnit"": ""v/v""}, {""solventName"": ""ACETONE"", ""weight"": null, ""weightUnit"": ""gram"", ""volumeRatio"": 60.0, ""volumeRatioUnit"": ""v/v""}]",20,wt%,Single Needle,13,Rolling Drum,100,15,1,15,,45,TRUE,338,,FALSE
https://doi.org/10.1016/j.mtsust.2022.100275,PVDF,TRUE,DMF-ACETONE,"[{""solventName"": ""DMF"", ""weight"": null, ""weightUnit"": ""gram"", ""volumeRatio"": 40.0, ""volumeRatioUnit"": ""v/v""}, {""solventName"": ""ACETONE"", ""weight"": null, ""weightUnit"": ""gram"", ""volumeRatio"": 60.0, ""volumeRatioUnit"": ""v/v""}]",20,wt%,Single Needle,13,Rolling Drum,100,15,1,15,,45,TRUE,338,,FALSE
https://doi.org/10.1016/j.mtsust.2022.100275,PVDF,TRUE,DMF-ACETONE,"[{""solventName"": ""DMF"", ""weight"": null, ""weightUnit"": ""gram"", ""volumeRatio"": 40.0, ""volumeRatioUnit"": ""v/v""}, {""solventName"": ""ACETONE"", ""weight"": null, ""weightUnit"": ""gram"", ""volumeRatio"": 60.0, ""volumeRatioUnit"": ""v/v""}]",20,wt%,Single Needle,13,Rolling Drum,100,15,1,15,,45,TRUE,338,,FALSE
https://doi.org/10.1016/j.mtsust.2022.100275,PVDF,TRUE,DMF-ACETONE,"[{""solventName"": ""DMF"", ""weight"": null, ""weightUnit"": ""gram"", ""volumeRatio"": 40.0, ""volumeRatioUnit"": ""v/v""}, {""solventName"": ""ACETONE"", ""weight"": null, ""weightUnit"": ""gram"", ""volumeRatio"": 60.0, ""volumeRatioUnit"": ""v/v""}]",20,wt%,Single Needle,13,Rolling Drum,100,15,1,15,,45,TRUE,338,,FALSE
https://doi.org/10.1016/j.mtsust.2022.100275,PVDF,TRUE,DMF-ACETONE,"[{""solventName"": ""DMF"", ""weight"": null, ""weightUnit"": ""gram"", ""volumeRatio"": 40.0, ""volumeRatioUnit"": ""v/v""}, {""solventName"": ""ACETONE"", ""weight"": null, ""weightUnit"": ""gram"", ""volumeRatio"": 60.0, ""volumeRatioUnit"": ""v/v""}]",20,wt%,Single Needle,13,Rolling Drum,100,15,1,15,,45,TRUE,338,,FALSE
https://doi.org/10.1016/j.mtsust.2022.100275,PVDF,TRUE,DMF-ACETONE,"[{""solventName"": ""DMF"", ""weight"": null, ""weightUnit"": ""gram"", ""volumeRatio"": 40.0, ""volumeRatioUnit"": ""v/v""}, {""solventName"": ""ACETONE"", ""weight"": null, ""weightUnit"": ""gram"", ""volumeRatio"": 60.0, ""volumeRatioUnit"": ""v/v""}]",20,wt%,Single Needle,13,Rolling Drum,100,15,1,15,,45,TRUE,338,,FALSE
https://doi.org/10.1016/j.mtsust.2022.100275,PVDF,TRUE,DMF-ACETONE,"[{""solventName"": ""DMF"", ""weight"": null, ""weightUnit"": ""gram"", ""volumeRatio"": 40.0, ""volumeRatioUnit"": ""v/v""}, {""solventName"": ""ACETONE"", ""weight"": null, ""weightUnit"": ""gram"", ""volumeRatio"": 60.0, ""volumeRatioUnit"": ""v/v""}]",20,wt%,Single Needle,13,Rolling Drum,100,15,1,15,,45,TRUE,338,,FALSE
https://doi.org/10.1016/j.mtsust.2022.100275,PVDF,TRUE,DMF-ACETONE,"[{""solventName"": ""DMF"", ""weight"": null, ""weightUnit"": ""gram"", ""volumeRatio"": 40.0, ""volumeRatioUnit"": ""v/v""}, {""solventName"": ""ACETONE"", ""weight"": null, ""weightUnit"": ""gram"", ""volumeRatio"": 60.0, ""volumeRatioUnit"": ""v/v""}]",20,wt%,Single Needle,13,Rolling Drum,100,15,1,15,,45,TRUE,338,,FALSE
https://doi.org/10.1016/j.mtsust.2022.100275,PVDF,TRUE,DMF-ACETONE,"[{""solventName"": ""DMF"", ""weight"": null, ""weightUnit"": ""gram"", ""volumeRatio"": 40.0, ""volumeRatioUnit"": ""v/v""}, {""solventName"": ""ACETONE"", ""weight"": null, ""weightUnit"": ""gram"", ""volumeRatio"": 60.0, ""volumeRatioUnit"": ""v/v""}]",20,wt%,Single Needle,13,Rolling Drum,100,15,1,15,,45,TRUE,338,,FALSE
https://doi.org/10.1016/j.mtsust.2022.100275,PVDF,TRUE,DMF-ACETONE,"[{""solventName"": ""DMF"", ""weight"": null, ""weightUnit"": ""gram"", ""volumeRatio"": 40.0, ""volumeRatioUnit"": ""v/v""}, {""solventName"": ""ACETONE"", ""weight"": null, ""weightUnit"": ""gram"", ""volumeRatio"": 60.0, ""volumeRatioUnit"": ""v/v""}]",20,wt%,Single Needle,13,Rolling Drum,100,15,1,15,,45,TRUE,338,,FALSE
https://doi.org/10.1016/j.mtsust.2022.100275,PVDF,TRUE,DMF-ACETONE,"[{""solventName"": ""DMF"", ""weight"": null, ""weightUnit"": ""gram"", ""volumeRatio"": 40.0, ""volumeRatioUnit"": ""v/v""}, {""solventName"": ""ACETONE"", ""weight"": null, ""weightUnit"": ""gram"", ""volumeRatio"": 60.0, ""volumeRatioUnit"": ""v/v""}]",20,wt%,Single Needle,13,Rolling Drum,100,15,1,15,,45,TRUE,338,,FALSE
https://doi.org/10.1016/j.materresbull.2022.112052,PVDF,TRUE,DMF-ACETONE,"[{""solventName"": ""DMF"", ""weight"": null, ""weightUnit"": ""gram"", ""volumeRatio"": 70.0, ""volumeRatioUnit"": ""v/v""}, {""solventName"": ""ACETONE"", ""weight"": null, ""weightUnit"": ""gram"", ""volumeRatio"": 30.0, ""volumeRatioUnit"": ""v/v""}]",18,wt%,Single Needle,8,Rolling Drum,700,20,0.8,20,,45,TRUE,94,,FALSE
https://doi.org/10.1016/j.materresbull.2022.112052,PVDF,TRUE,DMF-ACETONE,"[{""solventName"": ""DMF"", ""weight"": null, ""weightUnit"": ""gram"", ""volumeRatio"": 70.0, ""volumeRatioUnit"": ""v/v""}, {""solventName"": ""ACETONE"", ""weight"": null, ""weightUnit"": ""gram"", ""volumeRatio"": 30.0, ""volumeRatioUnit"": ""v/v""}]",18,wt%,Single Needle,8,Rolling Drum,700,20,0.8,20,,45,TRUE,94,,FALSE
https://doi.org/10.1016/j.materresbull.2022.112052,PVDF,TRUE,DMF-ACETONE,"[{""solventName"": ""DMF"", ""weight"": null, ""weightUnit"": ""gram"", ""volumeRatio"": 70.0, ""volumeRatioUnit"": ""v/v""}, {""solventName"": ""ACETONE"", ""weight"": null, ""weightUnit"": ""gram"", ""volumeRatio"": 30.0, ""volumeRatioUnit"": ""v/v""}]",18,wt%,Single Needle,8,Rolling Drum,700,20,0.8,20,,45,TRUE,94,,FALSE
https://doi.org/10.1016/j.materresbull.2022.112052,PVDF,TRUE,DMF-ACETONE,"[{""solventName"": ""DMF"", ""weight"": null, ""weightUnit"": ""gram"", ""volumeRatio"": 70.0, ""volumeRatioUnit"": ""v/v""}, {""solventName"": ""ACETONE"", ""weight"": null, ""weightUnit"": ""gram"", ""volumeRatio"": 30.0, ""volumeRatioUnit"": ""v/v""}]",18,wt%,Single Needle,8,Rolling Drum,700,20,0.8,20,,45,TRUE,94,,FALSE
https://doi.org/10.1016/j.jmrt.2023.01.007,PVDF,FALSE,DMF,"[{""solventName"": ""DMF"", ""weight"": null, ""weightUnit"": ""gram"", ""volumeRatio"": 100.0, ""volumeRatioUnit"": ""v/v""}]",20,wt%,Single Needle,13,Rolling Drum,100,17,0.4,10,,45,TRUE,343.5,,FALSE
https://doi.org/10.1016/j.jmrt.2023.01.007,PVDF,FALSE,DMF,"[{""solventName"": ""DMF"", ""weight"": null, ""weightUnit"": ""gram"", ""volumeRatio"": 100.0, ""volumeRatioUnit"": ""v/v""}]",20,wt%,Single Needle,13,Rolling Drum,100,17,0.4,10,,45,TRUE,343.5,,FALSE
https://doi.org/10.1016/j.jmrt.2023.01.007,PVDF,FALSE,DMF,"[{""solventName"": ""DMF"", ""weight"": null, ""weightUnit"": ""gram"", ""volumeRatio"": 100.0, ""volumeRatioUnit"": ""v/v""}]",20,wt%,Single Needle,13,Rolling Drum,100,17,0.4,10,,45,TRUE,343.5,,FALSE
https://doi.org/10.1016/j.jmrt.2023.01.007,PVDF,FALSE,DMF,"[{""solventName"": ""DMF"", ""weight"": null, ""weightUnit"": ""gram"", ""volumeRatio"": 100.0, ""volumeRatioUnit"": ""v/v""}]",20,wt%,Single Needle,13,Rolling Drum,100,17,0.4,10,,45,TRUE,343.5,,FALSE
https://doi.org/10.1016/j.jmrt.2023.01.007,PVDF,FALSE,DMF,"[{""solventName"": ""DMF"", ""weight"": null, ""weightUnit"": ""gram"", ""volumeRatio"": 100.0, ""volumeRatioUnit"": ""v/v""}]",20,wt%,Single Needle,13,Rolling Drum,100,17,0.4,10,,45,TRUE,343.5,,FALSE
https://doi.org/10.1016/j.jmrt.2023.01.007,PVDF,FALSE,DMF,"[{""solventName"": ""DMF"", ""weight"": null, ""weightUnit"": ""gram"", ""volumeRatio"": 100.0, ""volumeRatioUnit"": ""v/v""}]",20,wt%,Single Needle,13,Rolling Drum,100,17,0.4,10,,45,TRUE,343.5,,FALSE
https://doi.org/10.1016/j.jmrt.2023.01.007,PVDF,FALSE,DMF,"[{""solventName"": ""DMF"", ""weight"": null, ""weightUnit"": ""gram"", ""volumeRatio"": 100.0, ""volumeRatioUnit"": ""v/v""}]",20,wt%,Single Needle,13,Rolling Drum,100,17,0.4,10,,45,TRUE,343.5,,FALSE
https://doi.org/10.1016/j.jmrt.2023.01.007,PVDF,FALSE,DMF,"[{""solventName"": ""DMF"", ""weight"": null, ""weightUnit"": ""gram"", ""volumeRatio"": 100.0, ""volumeRatioUnit"": ""v/v""}]",20,wt%,Single Needle,13,Rolling Drum,100,17,0.4,10,,45,TRUE,343.5,,FALSE
https://doi.org/10.1016/j.jmrt.2023.01.007,PVDF,FALSE,DMF,"[{""solventName"": ""DMF"", ""weight"": null, ""weightUnit"": ""gram"", ""volumeRatio"": 100.0, ""volumeRatioUnit"": ""v/v""}]",20,wt%,Single Needle,13,Rolling Drum,100,17,0.4,10,,45,TRUE,343.5,,FALSE
https://doi.org/10.3390/polym13030464,PVDF,TRUE,DMF-ACETONE,"[{""solventName"": ""DMF"", ""weight"": null, ""weightUnit"": ""gram"", ""volumeRatio"": 60.0, ""volumeRatioUnit"": ""v/v""}, {""solventName"": ""ACETONE"", ""weight"": null, ""weightUnit"": ""gram"", ""volumeRatio"": 40.0, ""volumeRatioUnit"": ""v/v""}]",15,wt%,Single Needle,12,Flat,,17.5,0.8,15,20,40,FALSE,,,FALSE
https://doi.org/10.3390/polym13030464,PVDF,TRUE,DMF-ACETONE,"[{""solventName"": ""DMF"", ""weight"": null, ""weightUnit"": ""gram"", ""volumeRatio"": 60.0, ""volumeRatioUnit"": ""v/v""}, {""solventName"": ""ACETONE"", ""weight"": null, ""weightUnit"": ""gram"", ""volumeRatio"": 40.0, ""volumeRatioUnit"": ""v/v""}]",15,wt%,Single Needle,12,Flat,,10,1.4,15,20,40,FALSE,,,FALSE
https://doi.org/10.1016/j.memsci.2022.120850,PVDF,TRUE,DMAC-ACETONE,"[{""solventName"": ""DMAC"", ""weight"": null, ""weightUnit"": ""gram"", ""volumeRatio"": 66.44, ""volumeRatioUnit"": ""v/v""}, {""solventName"": ""ACETONE"", ""weight"": null, ""weightUnit"": ""gram"", ""volumeRatio"": 33.56, ""volumeRatioUnit"": ""v/v""}]",17,wt%,Single Needle,,Flat,,15,1,15,18,30,TRUE,64,,FALSE
https://doi.org/10.1016/j.memsci.2022.120850,PVDF,TRUE,DMAC-ACETONE,"[{""solventName"": ""DMAC"", ""weight"": null, ""weightUnit"": ""gram"", ""volumeRatio"": 55.95, ""volumeRatioUnit"": ""v/v""}, {""solventName"": ""ACETONE"", ""weight"": null, ""weightUnit"": ""gram"", ""volumeRatio"": 44.05, ""volumeRatioUnit"": ""v/v""}]",17,wt%,Single Needle,,Flat,,15,1,15,18,30,TRUE,82,,FALSE
https://doi.org/10.1016/j.memsci.2022.120850,PVDF,TRUE,DMAC-ACETONE,"[{""solventName"": ""DMAC"", ""weight"": null, ""weightUnit"": ""gram"", ""volumeRatio"": 45.95, ""volumeRatioUnit"": ""v/v""}, {""solventName"": ""ACETONE"", ""weight"": null, ""weightUnit"": ""gram"", ""volumeRatio"": 54.05, ""volumeRatioUnit"": ""v/v""}]",17,wt%,Single Needle,,Flat,,15,1,15,18,30,TRUE,189,,FALSE
https://doi.org/10.1016/j.memsci.2022.120850,PVDF,TRUE,DMAC-ACETONE,"[{""solventName"": ""DMAC"", ""weight"": null, ""weightUnit"": ""gram"", ""volumeRatio"": 35.9, ""volumeRatioUnit"": ""v/v""}, {""solventName"": ""ACETONE"", ""weight"": null, ""weightUnit"": ""gram"", ""volumeRatio"": 64.1, ""volumeRatioUnit"": ""v/v""}]",17,wt%,Single Needle,,Flat,,15,1,15,18,30,TRUE,378,,FALSE
https://doi.org/10.1016/j.memsci.2022.120850,PVDF,TRUE,DMAC-ACETONE,"[{""solventName"": ""DMAC"", ""weight"": null, ""weightUnit"": ""gram"", ""volumeRatio"": 66.44, ""volumeRatioUnit"": ""v/v""}, {""solventName"": ""ACETONE"", ""weight"": null, ""weightUnit"": ""gram"", ""volumeRatio"": 33.56, ""volumeRatioUnit"": ""v/v""}]",25,wt%,Single Needle,,Flat,,15,0.4,15,18,30,TRUE,766,,FALSE
https://doi.org/10.1177/15280837221106235,PVDF,TRUE,DMAC-ACETONE,"[{""solventName"": ""DMAC"", ""weight"": null, ""weightUnit"": ""gram"", ""volumeRatio"": 71.43, ""volumeRatioUnit"": ""v/v""}, {""solventName"": ""ACETONE"", ""weight"": null, ""weightUnit"": ""gram"", ""volumeRatio"": 28.569999999999993, ""volumeRatioUnit"": ""v/v""}]",19.9,wt%,Single Needle,,Flat,,8,0.2,10,24,50,FALSE,,,FALSE
https://doi.org/10.1177/15280837221106235,PVDF,TRUE,DMAC-ACETONE,"[{""solventName"": ""DMAC"", ""weight"": null, ""weightUnit"": ""gram"", ""volumeRatio"": 71.43, ""volumeRatioUnit"": ""v/v""}, {""solventName"": ""ACETONE"", ""weight"": null, ""weightUnit"": ""gram"", ""volumeRatio"": 28.569999999999993, ""volumeRatioUnit"": ""v/v""}]",19.9,wt%,Single Needle,,Flat,,12,0.2,25,24,50,FALSE,,,FALSE
https://doi.org/10.1177/15280837221106235,PVDF,TRUE,DMAC-ACETONE,"[{""solventName"": ""DMAC"", ""weight"": null, ""weightUnit"": ""gram"", ""volumeRatio"": 62.82, ""volumeRatioUnit"": ""v/v""}, {""solventName"": ""ACETONE"", ""weight"": null, ""weightUnit"": ""gram"", ""volumeRatio"": 37.18, ""volumeRatioUnit"": ""v/v""}]",17.7,wt%,Single Needle,,Flat,,15,0.2,30,24,50,FALSE,,,FALSE
https://doi.org/10.1177/15280837221106235,PVDF,TRUE,DMAC-ACETONE,"[{""solventName"": ""DMAC"", ""weight"": null, ""weightUnit"": ""gram"", ""volumeRatio"": 62.82, ""volumeRatioUnit"": ""v/v""}, {""solventName"": ""ACETONE"", ""weight"": null, ""weightUnit"": ""gram"", ""volumeRatio"": 37.18, ""volumeRatioUnit"": ""v/v""}]",17.7,wt%,Single Needle,,Flat,,15,0.2,35,24,50,FALSE,,,FALSE
https://doi.org/10.1177/15280837221106235,PVDF,TRUE,DMAC-ACETONE,"[{""solventName"": ""DMAC"", ""weight"": null, ""weightUnit"": ""gram"", ""volumeRatio"": 59.02, ""volumeRatioUnit"": ""v/v""}, {""solventName"": ""ACETONE"", ""weight"": null, ""weightUnit"": ""gram"", ""volumeRatio"": 40.98, ""volumeRatioUnit"": ""v/v""}]",16.9,wt%,Single Needle,,Flat,,8,0.2,30,24,50,FALSE,,,FALSE
https://doi.org/10.1177/15280837221106235,PVDF,TRUE,DMAC-ACETONE,"[{""solventName"": ""DMAC"", ""weight"": null, ""weightUnit"": ""gram"", ""volumeRatio"": 70.0, ""volumeRatioUnit"": ""v/v""}, {""solventName"": ""ACETONE"", ""weight"": null, ""weightUnit"": ""gram"", ""volumeRatio"": 30.0, ""volumeRatioUnit"": ""v/v""}]",19.7,wt%,Single Needle,,Flat,,8,0.2,35,24,50,FALSE,,,FALSE
https://doi.org/10.1177/15280837221106235,PVDF,TRUE,DMAC-ACETONE,"[{""solventName"": ""DMAC"", ""weight"": null, ""weightUnit"": ""gram"", ""volumeRatio"": 66.67, ""volumeRatioUnit"": ""v/v""}, {""solventName"": ""ACETONE"", ""weight"": null, ""weightUnit"": ""gram"", ""volumeRatio"": 33.33, ""volumeRatioUnit"": ""v/v""}]",18.7,wt%,Single Needle,,Flat,,8,0.2,35,24,50,FALSE,,,FALSE
https://doi.org/10.1007/978-981-19-9267-4_74,PVDF,FALSE,DMF,"[{""solventName"": ""DMF"", ""weight"": null, ""weightUnit"": ""gram"", ""volumeRatio"": 100.0, ""volumeRatioUnit"": ""v/v""}]",15,wt%,Single Needle,,Flat,,15,0.8,15,24,50,FALSE,,,FALSE
https://doi.org/10.1007/978-981-19-9267-4_74,PVDF,FALSE,DMF,"[{""solventName"": ""DMF"", ""weight"": null, ""weightUnit"": ""gram"", ""volumeRatio"": 100.0, ""volumeRatioUnit"": ""v/v""}]",15,wt%,Single Needle,,Flat,,15,1,15,24,50,FALSE,,,FALSE
https://doi.org/10.1007/978-981-19-9267-4_74,PVDF,FALSE,DMF,"[{""solventName"": ""DMF"", ""weight"": null, ""weightUnit"": ""gram"", ""volumeRatio"": 100.0, ""volumeRatioUnit"": ""v/v""}]",15,wt%,Single Needle,,Flat,,15,1.2,15,24,50,FALSE,,,FALSE
https://doi.org/10.1007/978-981-19-9267-4_74,PVDF,FALSE,DMF,"[{""solventName"": ""DMF"", ""weight"": null, ""weightUnit"": ""gram"", ""volumeRatio"": 100.0, ""volumeRatioUnit"": ""v/v""}]",15,wt%,Single Needle,,Flat,,15,1.4,15,24,50,FALSE,,,FALSE
https://doi.org/10.1007/978-981-19-9267-4_74,PVDF,FALSE,DMF,"[{""solventName"": ""DMF"", ""weight"": null, ""weightUnit"": ""gram"", ""volumeRatio"": 100.0, ""volumeRatioUnit"": ""v/v""}]",15,wt%,Single Needle,,Flat,,20,0.8,15,24,50,FALSE,,,FALSE
https://doi.org/10.1007/978-981-19-9267-4_74,PVDF,FALSE,DMF,"[{""solventName"": ""DMF"", ""weight"": null, ""weightUnit"": ""gram"", ""volumeRatio"": 100.0, ""volumeRatioUnit"": ""v/v""}]",15,wt%,Single Needle,,Flat,,20,1,15,24,50,FALSE,,,FALSE
https://doi.org/10.1007/978-981-19-9267-4_74,PVDF,FALSE,DMF,"[{""solventName"": ""DMF"", ""weight"": null, ""weightUnit"": ""gram"", ""volumeRatio"": 100.0, ""volumeRatioUnit"": ""v/v""}]",15,wt%,Single Needle,,Flat,,20,1.2,15,24,50,FALSE,,,FALSE
https://doi.org/10.1007/978-981-19-9267-4_74,PVDF,FALSE,DMF,"[{""solventName"": ""DMF"", ""weight"": null, ""weightUnit"": ""gram"", ""volumeRatio"": 100.0, ""volumeRatioUnit"": ""v/v""}]",15,wt%,Single Needle,,Flat,,20,1.4,15,24,50,FALSE,,,FALSE
https://doi.org/10.3390/nano12060962,PVDF,TRUE,DMF-ACETONE,"[{""solventName"": ""DMF"", ""weight"": null, ""weightUnit"": ""gram"", ""volumeRatio"": 66.67, ""volumeRatioUnit"": ""v/v""}, {""solventName"": ""ACETONE"", ""weight"": null, ""weightUnit"": ""gram"", ""volumeRatio"": 33.33, ""volumeRatioUnit"": ""v/v""}]",14.77,wt%,Single Needle,,Flat,,10,1,15,20,45,FALSE,,,FALSE
https://doi.org/10.3390/nano12060962,PVDF,TRUE,DMF-ACETONE,"[{""solventName"": ""DMF"", ""weight"": null, ""weightUnit"": ""gram"", ""volumeRatio"": 50.0, ""volumeRatioUnit"": ""v/v""}, {""solventName"": ""ACETONE"", ""weight"": null, ""weightUnit"": ""gram"", ""volumeRatio"": 50.0, ""volumeRatioUnit"": ""v/v""}]",14.28,wt%,Single Needle,,Flat,,10,1,15,20,45,FALSE,,,FALSE
https://doi.org/10.3390/nano12060962,PVDF,TRUE,DMSO-ACETONE,"[{""solventName"": ""DMSO"", ""weight"": null, ""weightUnit"": ""gram"", ""volumeRatio"": 66.67, ""volumeRatioUnit"": ""v/v""}, {""solventName"": ""ACETONE"", ""weight"": null, ""weightUnit"": ""gram"", ""volumeRatio"": 33.33, ""volumeRatioUnit"": ""v/v""}]",16.15,wt%,Single Needle,,Flat,,10,1,15,20,45,TRUE,992,,FALSE
https://doi.org/10.3390/nano12060962,PVDF,TRUE,DMSO-ACETONE,"[{""solventName"": ""DMSO"", ""weight"": null, ""weightUnit"": ""gram"", ""volumeRatio"": 50.0, ""volumeRatioUnit"": ""v/v""}, {""solventName"": ""ACETONE"", ""weight"": null, ""weightUnit"": ""gram"", ""volumeRatio"": 50.0, ""volumeRatioUnit"": ""v/v""}]",15.21,wt%,Single Needle,,Flat,,10,1,15,20,45,TRUE,817,,FALSE
https://doi.org/10.3390/nano12060962,PVDF,TRUE,DMSO-ACETONE,"[{""solventName"": ""DMSO"", ""weight"": null, ""weightUnit"": ""gram"", ""volumeRatio"": 40.0, ""volumeRatioUnit"": ""v/v""}, {""solventName"": ""ACETONE"", ""weight"": null, ""weightUnit"": ""gram"", ""volumeRatio"": 60.0, ""volumeRatioUnit"": ""v/v""}]",14.71,wt%,Single Needle,,Flat,,10,1,15,20,45,TRUE,602,,FALSE
https://doi.org/10.3390/nano12060962,PVDF,TRUE,DMSO-ACETONE,"[{""solventName"": ""DMSO"", ""weight"": null, ""weightUnit"": ""gram"", ""volumeRatio"": 40.0, ""volumeRatioUnit"": ""v/v""}, {""solventName"": ""ACETONE"", ""weight"": null, ""weightUnit"": ""gram"", ""volumeRatio"": 60.0, ""volumeRatioUnit"": ""v/v""}]",16.15,wt%,Single Needle,,Flat,,10,0.5,15,20,45,TRUE,658,,FALSE
https://doi.org/10.3390/nano12060962,PVDF,TRUE,DMSO-ACETONE,"[{""solventName"": ""DMSO"", ""weight"": null, ""weightUnit"": ""gram"", ""volumeRatio"": 40.0, ""volumeRatioUnit"": ""v/v""}, {""solventName"": ""ACETONE"", ""weight"": null, ""weightUnit"": ""gram"", ""volumeRatio"": 60.0, ""volumeRatioUnit"": ""v/v""}]",16.15,wt%,Single Needle,,Flat,,10,0.5,30,20,45,TRUE,822,,FALSE
https://doi.org/10.3390/nano12060962,PVDF,TRUE,DMSO-ACETONE,"[{""solventName"": ""DMSO"", ""weight"": null, ""weightUnit"": ""gram"", ""volumeRatio"": 40.0, ""volumeRatioUnit"": ""v/v""}, {""solventName"": ""ACETONE"", ""weight"": null, ""weightUnit"": ""gram"", ""volumeRatio"": 60.0, ""volumeRatioUnit"": ""v/v""}]",16.15,wt%,Single Needle,,Flat,,20,0.5,30,20,45,TRUE,734,,FALSE
https://doi.org/10.1007/s11814-009-0309-1,PVA,FALSE,WATER,"[{""solventName"": ""WATER"", ""weight"": null, ""weightUnit"": ""gram"", ""volumeRatio"": 100.0, ""volumeRatioUnit"": ""v/v""}]",8,wt%,Single Needle,,Flat,,15,0.2,10,20,45,TRUE,232.62,26.6,FALSE
https://doi.org/10.1007/s11814-009-0309-1,PVA,FALSE,WATER,"[{""solventName"": ""WATER"", ""weight"": null, ""weightUnit"": ""gram"", ""volumeRatio"": 100.0, ""volumeRatioUnit"": ""v/v""}]",8,wt%,Single Needle,,Flat,,15,0.3,10,20,45,TRUE,235.5,24.52,FALSE
https://doi.org/10.1007/s11814-009-0309-1,PVA,FALSE,WATER,"[{""solventName"": ""WATER"", ""weight"": null, ""weightUnit"": ""gram"", ""volumeRatio"": 100.0, ""volumeRatioUnit"": ""v/v""}]",8,wt%,Single Needle,,Flat,,15,0.4,10,20,45,TRUE,252.02,25.89,FALSE
https://doi.org/10.1007/s11814-009-0309-1,PVA,FALSE,WATER,"[{""solventName"": ""WATER"", ""weight"": null, ""weightUnit"": ""gram"", ""volumeRatio"": 100.0, ""volumeRatioUnit"": ""v/v""}]",8,wt%,Single Needle,,Flat,,20,0.2,10,20,45,TRUE,236.84,37.3,FALSE
https://doi.org/10.1007/s11814-009-0309-1,PVA,FALSE,WATER,"[{""solventName"": ""WATER"", ""weight"": null, ""weightUnit"": ""gram"", ""volumeRatio"": 100.0, ""volumeRatioUnit"": ""v/v""}]",8,wt%,Single Needle,,Flat,,20,0.3,10,20,45,TRUE,232.08,30.22,FALSE
https://doi.org/10.1007/s11814-009-0309-1,PVA,FALSE,WATER,"[{""solventName"": ""WATER"", ""weight"": null, ""weightUnit"": ""gram"", ""volumeRatio"": 100.0, ""volumeRatioUnit"": ""v/v""}]",8,wt%,Single Needle,,Flat,,20,0.4,10,20,45,TRUE,249.21,34.49,FALSE
https://doi.org/10.1007/s11814-009-0309-1,PVA,FALSE,WATER,"[{""solventName"": ""WATER"", ""weight"": null, ""weightUnit"": ""gram"", ""volumeRatio"": 100.0, ""volumeRatioUnit"": ""v/v""}]",8,wt%,Single Needle,,Flat,,25,0.2,10,20,45,TRUE,196.05,34.76,FALSE
https://doi.org/10.1007/s11814-009-0309-1,PVA,FALSE,WATER,"[{""solventName"": ""WATER"", ""weight"": null, ""weightUnit"": ""gram"", ""volumeRatio"": 100.0, ""volumeRatioUnit"": ""v/v""}]",8,wt%,Single Needle,,Flat,,25,0.3,10,20,45,TRUE,201.38,35.15,FALSE
https://doi.org/10.1007/s11814-009-0309-1,PVA,FALSE,WATER,"[{""solventName"": ""WATER"", ""weight"": null, ""weightUnit"": ""gram"", ""volumeRatio"": 100.0, ""volumeRatioUnit"": ""v/v""}]",8,wt%,Single Needle,,Flat,,25,0.4,10,20,45,TRUE,215,39,FALSE
https://doi.org/10.1007/s11814-009-0309-1,PVA,FALSE,WATER,"[{""solventName"": ""WATER"", ""weight"": null, ""weightUnit"": ""gram"", ""volumeRatio"": 100.0, ""volumeRatioUnit"": ""v/v""}]",8,wt%,Single Needle,,Flat,,15,0.2,15,20,45,TRUE,221.1,28.88,FALSE
https://doi.org/10.1007/s11814-009-0309-1,PVA,FALSE,WATER,"[{""solventName"": ""WATER"", ""weight"": null, ""weightUnit"": ""gram"", ""volumeRatio"": 100.0, ""volumeRatioUnit"": ""v/v""}]",8,wt%,Single Needle,,Flat,,15,0.3,15,20,45,TRUE,238.63,20.17,FALSE
https://doi.org/10.1007/s11814-009-0309-1,PVA,FALSE,WATER,"[{""solventName"": ""WATER"", ""weight"": null, ""weightUnit"": ""gram"", ""volumeRatio"": 100.0, ""volumeRatioUnit"": ""v/v""}]",8,wt%,Single Needle,,Flat,,15,0.4,15,20,45,TRUE,242.32,21.99,FALSE
https://doi.org/10.1007/s11814-009-0309-1,PVA,FALSE,WATER,"[{""solventName"": ""WATER"", ""weight"": null, ""weightUnit"": ""gram"", ""volumeRatio"": 100.0, ""volumeRatioUnit"": ""v/v""}]",8,wt%,Single Needle,,Flat,,20,0.2,15,20,45,TRUE,219.76,36.19,FALSE
https://doi.org/10.1007/s11814-009-0309-1,PVA,FALSE,WATER,"[{""solventName"": ""WATER"", ""weight"": null, ""weightUnit"": ""gram"", ""volumeRatio"": 100.0, ""volumeRatioUnit"": ""v/v""}]",8,wt%,Single Needle,,Flat,,20,0.3,15,20,45,TRUE,228.56,28.29,FALSE
https://doi.org/10.1007/s11814-009-0309-1,PVA,FALSE,WATER,"[{""solventName"": ""WATER"", ""weight"": null, ""weightUnit"": ""gram"", ""volumeRatio"": 100.0, ""volumeRatioUnit"": ""v/v""}]",8,wt%,Single Needle,,Flat,,20,0.4,15,20,45,TRUE,242.01,28.3,FALSE
https://doi.org/10.1007/s11814-009-0309-1,PVA,FALSE,WATER,"[{""solventName"": ""WATER"", ""weight"": null, ""weightUnit"": ""gram"", ""volumeRatio"": 100.0, ""volumeRatioUnit"": ""v/v""}]",8,wt%,Single Needle,,Flat,,25,0.2,15,20,45,TRUE,202.62,33.22,FALSE
https://doi.org/10.1007/s11814-009-0309-1,PVA,FALSE,WATER,"[{""solventName"": ""WATER"", ""weight"": null, ""weightUnit"": ""gram"", ""volumeRatio"": 100.0, ""volumeRatioUnit"": ""v/v""}]",8,wt%,Single Needle,,Flat,,25,0.3,15,20,45,TRUE,208.21,37.14,FALSE
https://doi.org/10.1007/s11814-009-0309-1,PVA,FALSE,WATER,"[{""solventName"": ""WATER"", ""weight"": null, ""weightUnit"": ""gram"", ""volumeRatio"": 100.0, ""volumeRatioUnit"": ""v/v""}]",8,wt%,Single Needle,,Flat,,25,0.4,15,20,45,TRUE,213.66,34.84,FALSE
https://doi.org/10.1007/s11814-009-0309-1,PVA,FALSE,WATER,"[{""solventName"": ""WATER"", ""weight"": null, ""weightUnit"": ""gram"", ""volumeRatio"": 100.0, ""volumeRatioUnit"": ""v/v""}]",8,wt%,Single Needle,,Flat,,15,0.2,20,20,45,TRUE,196.63,30.69,FALSE
https://doi.org/10.1007/s11814-009-0309-1,PVA,FALSE,WATER,"[{""solventName"": ""WATER"", ""weight"": null, ""weightUnit"": ""gram"", ""volumeRatio"": 100.0, ""volumeRatioUnit"": ""v/v""}]",8,wt%,Single Needle,,Flat,,15,0.3,20,20,45,TRUE,197.73,24.55,FALSE
https://doi.org/10.1007/s11814-009-0309-1,PVA,FALSE,WATER,"[{""solventName"": ""WATER"", ""weight"": null, ""weightUnit"": ""gram"", ""volumeRatio"": 100.0, ""volumeRatioUnit"": ""v/v""}]",8,wt%,Single Needle,,Flat,,15,0.4,20,20,45,TRUE,206.28,22.11,FALSE
https://doi.org/10.1007/s11814-009-0309-1,PVA,FALSE,WATER,"[{""solventName"": ""WATER"", ""weight"": null, ""weightUnit"": ""gram"", ""volumeRatio"": 100.0, ""volumeRatioUnit"": ""v/v""}]",8,wt%,Single Needle,,Flat,,20,0.2,20,20,45,TRUE,206.69,31.56,FALSE
https://doi.org/10.1007/s11814-009-0309-1,PVA,FALSE,WATER,"[{""solventName"": ""WATER"", ""weight"": null, ""weightUnit"": ""gram"", ""volumeRatio"": 100.0, ""volumeRatioUnit"": ""v/v""}]",8,wt%,Single Needle,,Flat,,20,0.3,20,20,45,TRUE,224.38,27.41,FALSE
https://doi.org/10.1007/s11814-009-0309-1,PVA,FALSE,WATER,"[{""solventName"": ""WATER"", ""weight"": null, ""weightUnit"": ""gram"", ""volumeRatio"": 100.0, ""volumeRatioUnit"": ""v/v""}]",8,wt%,Single Needle,,Flat,,20,0.4,20,20,45,TRUE,242.06,26.51,FALSE
https://doi.org/10.1007/s11814-009-0309-1,PVA,FALSE,WATER,"[{""solventName"": ""WATER"", ""weight"": null, ""weightUnit"": ""gram"", ""volumeRatio"": 100.0, ""volumeRatioUnit"": ""v/v""}]",8,wt%,Single Needle,,Flat,,25,0.2,20,20,45,TRUE,205.25,40.32,FALSE
https://doi.org/10.1007/s11814-009-0309-1,PVA,FALSE,WATER,"[{""solventName"": ""WATER"", ""weight"": null, ""weightUnit"": ""gram"", ""volumeRatio"": 100.0, ""volumeRatioUnit"": ""v/v""}]",8,wt%,Single Needle,,Flat,,25,0.3,20,20,45,TRUE,215.7,30.54,FALSE
https://doi.org/10.1007/s11814-009-0309-1,PVA,FALSE,WATER,"[{""solventName"": ""WATER"", ""weight"": null, ""weightUnit"": ""gram"", ""volumeRatio"": 100.0, ""volumeRatioUnit"": ""v/v""}]",8,wt%,Single Needle,,Flat,,25,0.4,20,20,45,TRUE,231.34,32.4,FALSE
https://doi.org/10.1007/s11814-009-0309-1,PVA,FALSE,WATER,"[{""solventName"": ""WATER"", ""weight"": null, ""weightUnit"": ""gram"", ""volumeRatio"": 100.0, ""volumeRatioUnit"": ""v/v""}]",10,wt%,Single Needle,,Flat,,15,0.2,10,20,45,TRUE,269.91,30.35,FALSE
https://doi.org/10.1007/s11814-009-0309-1,PVA,FALSE,WATER,"[{""solventName"": ""WATER"", ""weight"": null, ""weightUnit"": ""gram"", ""volumeRatio"": 100.0, ""volumeRatioUnit"": ""v/v""}]",10,wt%,Single Needle,,Flat,,15,0.3,10,20,45,TRUE,270.05,28.88,FALSE
https://doi.org/10.1007/s11814-009-0309-1,PVA,FALSE,WATER,"[{""solventName"": ""WATER"", ""weight"": null, ""weightUnit"": ""gram"", ""volumeRatio"": 100.0, ""volumeRatioUnit"": ""v/v""}]",10,wt%,Single Needle,,Flat,,15,0.4,10,20,45,TRUE,291.99,33.98,FALSE
https://doi.org/10.1007/s11814-009-0309-1,PVA,FALSE,WATER,"[{""solventName"": ""WATER"", ""weight"": null, ""weightUnit"": ""gram"", ""volumeRatio"": 100.0, ""volumeRatioUnit"": ""v/v""}]",10,wt%,Single Needle,,Flat,,20,0.2,10,20,45,TRUE,256.11,38.54,FALSE
https://doi.org/10.1007/s11814-009-0309-1,PVA,FALSE,WATER,"[{""solventName"": ""WATER"", ""weight"": null, ""weightUnit"": ""gram"", ""volumeRatio"": 100.0, ""volumeRatioUnit"": ""v/v""}]",10,wt%,Single Needle,,Flat,,20,0.3,10,20,45,TRUE,264.86,35.7,FALSE
https://doi.org/10.1007/s11814-009-0309-1,PVA,FALSE,WATER,"[{""solventName"": ""WATER"", ""weight"": null, ""weightUnit"": ""gram"", ""volumeRatio"": 100.0, ""volumeRatioUnit"": ""v/v""}]",10,wt%,Single Needle,,Flat,,20,0.4,10,20,45,TRUE,278.34,49.13,FALSE
https://doi.org/10.1007/s11814-009-0309-1,PVA,FALSE,WATER,"[{""solventName"": ""WATER"", ""weight"": null, ""weightUnit"": ""gram"", ""volumeRatio"": 100.0, ""volumeRatioUnit"": ""v/v""}]",10,wt%,Single Needle,,Flat,,25,0.2,10,20,45,TRUE,228.21,42.33,FALSE
https://doi.org/10.1007/s11814-009-0309-1,PVA,FALSE,WATER,"[{""solventName"": ""WATER"", ""weight"": null, ""weightUnit"": ""gram"", ""volumeRatio"": 100.0, ""volumeRatioUnit"": ""v/v""}]",10,wt%,Single Needle,,Flat,,25,0.3,10,20,45,TRUE,239.28,40.3,FALSE
https://doi.org/10.1007/s11814-009-0309-1,PVA,FALSE,WATER,"[{""solventName"": ""WATER"", ""weight"": null, ""weightUnit"": ""gram"", ""volumeRatio"": 100.0, ""volumeRatioUnit"": ""v/v""}]",10,wt%,Single Needle,,Flat,,25,0.4,10,20,45,TRUE,238.74,46.57,FALSE
https://doi.org/10.1007/s11814-009-0309-1,PVA,FALSE,WATER,"[{""solventName"": ""WATER"", ""weight"": null, ""weightUnit"": ""gram"", ""volumeRatio"": 100.0, ""volumeRatioUnit"": ""v/v""}]",10,wt%,Single Needle,,Flat,,15,0.2,15,20,45,TRUE,263.67,34.16,FALSE
https://doi.org/10.1007/s11814-009-0309-1,PVA,FALSE,WATER,"[{""solventName"": ""WATER"", ""weight"": null, ""weightUnit"": ""gram"", ""volumeRatio"": 100.0, ""volumeRatioUnit"": ""v/v""}]",10,wt%,Single Needle,,Flat,,15,0.3,15,20,45,TRUE,269.29,31.54,FALSE
https://doi.org/10.1007/s11814-009-0309-1,PVA,FALSE,WATER,"[{""solventName"": ""WATER"", ""weight"": null, ""weightUnit"": ""gram"", ""volumeRatio"": 100.0, ""volumeRatioUnit"": ""v/v""}]",10,wt%,Single Needle,,Flat,,15,0.4,15,20,45,TRUE,277.71,29.4,FALSE
https://doi.org/10.1007/s11814-009-0309-1,PVA,FALSE,WATER,"[{""solventName"": ""WATER"", ""weight"": null, ""weightUnit"": ""gram"", ""volumeRatio"": 100.0, ""volumeRatioUnit"": ""v/v""}]",10,wt%,Single Needle,,Flat,,20,0.2,15,20,45,TRUE,284.2,38.18,FALSE
https://doi.org/10.1007/s11814-009-0309-1,PVA,FALSE,WATER,"[{""solventName"": ""WATER"", ""weight"": null, ""weightUnit"": ""gram"", ""volumeRatio"": 100.0, ""volumeRatioUnit"": ""v/v""}]",10,wt%,Single Needle,,Flat,,20,0.3,15,20,45,TRUE,281.82,36.27,FALSE
https://doi.org/10.1007/s11814-009-0309-1,PVA,FALSE,WATER,"[{""solventName"": ""WATER"", ""weight"": null, ""weightUnit"": ""gram"", ""volumeRatio"": 100.0, ""volumeRatioUnit"": ""v/v""}]",10,wt%,Single Needle,,Flat,,20,0.4,15,20,45,TRUE,282.39,42.07,FALSE
https://doi.org/10.1007/s11814-009-0309-1,PVA,FALSE,WATER,"[{""solventName"": ""WATER"", ""weight"": null, ""weightUnit"": ""gram"", ""volumeRatio"": 100.0, ""volumeRatioUnit"": ""v/v""}]",10,wt%,Single Needle,,Flat,,25,0.2,15,20,45,TRUE,249.42,40.79,FALSE
https://doi.org/10.1007/s11814-009-0309-1,PVA,FALSE,WATER,"[{""solventName"": ""WATER"", ""weight"": null, ""weightUnit"": ""gram"", ""volumeRatio"": 100.0, ""volumeRatioUnit"": ""v/v""}]",10,wt%,Single Needle,,Flat,,25,0.3,15,20,45,TRUE,278.22,46.15,FALSE
https://doi.org/10.1007/s11814-009-0309-1,PVA,FALSE,WATER,"[{""solventName"": ""WATER"", ""weight"": null, ""weightUnit"": ""gram"", ""volumeRatio"": 100.0, ""volumeRatioUnit"": ""v/v""}]",10,wt%,Single Needle,,Flat,,25,0.4,15,20,45,TRUE,286.96,51.16,FALSE
https://doi.org/10.1007/s11814-009-0309-1,PVA,FALSE,WATER,"[{""solventName"": ""WATER"", ""weight"": null, ""weightUnit"": ""gram"", ""volumeRatio"": 100.0, ""volumeRatioUnit"": ""v/v""}]",10,wt%,Single Needle,,Flat,,15,0.2,20,20,45,TRUE,239.45,27.98,FALSE
https://doi.org/10.1007/s11814-009-0309-1,PVA,FALSE,WATER,"[{""solventName"": ""WATER"", ""weight"": null, ""weightUnit"": ""gram"", ""volumeRatio"": 100.0, ""volumeRatioUnit"": ""v/v""}]",10,wt%,Single Needle,,Flat,,15,0.3,20,20,45,TRUE,244.04,27.43,FALSE
https://doi.org/10.1007/s11814-009-0309-1,PVA,FALSE,WATER,"[{""solventName"": ""WATER"", ""weight"": null, ""weightUnit"": ""gram"", ""volumeRatio"": 100.0, ""volumeRatioUnit"": ""v/v""}]",10,wt%,Single Needle,,Flat,,15,0.4,20,20,45,TRUE,251.58,27.26,FALSE
https://doi.org/10.1007/s11814-009-0309-1,PVA,FALSE,WATER,"[{""solventName"": ""WATER"", ""weight"": null, ""weightUnit"": ""gram"", ""volumeRatio"": 100.0, ""volumeRatioUnit"": ""v/v""}]",10,wt%,Single Needle,,Flat,,20,0.2,20,20,45,TRUE,285.67,35.62,FALSE
https://doi.org/10.1007/s11814-009-0309-1,PVA,FALSE,WATER,"[{""solventName"": ""WATER"", ""weight"": null, ""weightUnit"": ""gram"", ""volumeRatio"": 100.0, ""volumeRatioUnit"": ""v/v""}]",10,wt%,Single Needle,,Flat,,20,0.3,20,20,45,TRUE,273.05,30.74,FALSE
https://doi.org/10.1007/s11814-009-0309-1,PVA,FALSE,WATER,"[{""solventName"": ""WATER"", ""weight"": null, ""weightUnit"": ""gram"", ""volumeRatio"": 100.0, ""volumeRatioUnit"": ""v/v""}]",10,wt%,Single Needle,,Flat,,20,0.4,20,20,45,TRUE,280.62,34.66,FALSE
https://doi.org/10.1007/s11814-009-0309-1,PVA,FALSE,WATER,"[{""solventName"": ""WATER"", ""weight"": null, ""weightUnit"": ""gram"", ""volumeRatio"": 100.0, ""volumeRatioUnit"": ""v/v""}]",10,wt%,Single Needle,,Flat,,25,0.2,20,20,45,TRUE,278.1,40.79,FALSE
https://doi.org/10.1007/s11814-009-0309-1,PVA,FALSE,WATER,"[{""solventName"": ""WATER"", ""weight"": null, ""weightUnit"": ""gram"", ""volumeRatio"": 100.0, ""volumeRatioUnit"": ""v/v""}]",10,wt%,Single Needle,,Flat,,25,0.3,20,20,45,TRUE,280.95,44.58,FALSE
https://doi.org/10.1007/s11814-009-0309-1,PVA,FALSE,WATER,"[{""solventName"": ""WATER"", ""weight"": null, ""weightUnit"": ""gram"", ""volumeRatio"": 100.0, ""volumeRatioUnit"": ""v/v""}]",10,wt%,Single Needle,,Flat,,25,0.4,20,20,45,TRUE,306.28,44.04,FALSE
https://doi.org/10.1007/s11814-009-0309-1,PVA,FALSE,WATER,"[{""solventName"": ""WATER"", ""weight"": null, ""weightUnit"": ""gram"", ""volumeRatio"": 100.0, ""volumeRatioUnit"": ""v/v""}]",12,wt%,Single Needle,,Flat,,15,0.2,10,20,45,TRUE,286.23,27.12,FALSE
https://doi.org/10.1007/s11814-009-0309-1,PVA,FALSE,WATER,"[{""solventName"": ""WATER"", ""weight"": null, ""weightUnit"": ""gram"", ""volumeRatio"": 100.0, ""volumeRatioUnit"": ""v/v""}]",12,wt%,Single Needle,,Flat,,15,0.3,10,20,45,TRUE,295.6,32.91,FALSE
https://doi.org/10.1007/s11814-009-0309-1,PVA,FALSE,WATER,"[{""solventName"": ""WATER"", ""weight"": null, ""weightUnit"": ""gram"", ""volumeRatio"": 100.0, ""volumeRatioUnit"": ""v/v""}]",12,wt%,Single Needle,,Flat,,15,0.4,10,20,45,TRUE,293.41,40.48,FALSE
https://doi.org/10.1007/s11814-009-0309-1,PVA,FALSE,WATER,"[{""solventName"": ""WATER"", ""weight"": null, ""weightUnit"": ""gram"", ""volumeRatio"": 100.0, ""volumeRatioUnit"": ""v/v""}]",12,wt%,Single Needle,,Flat,,20,0.2,10,20,45,TRUE,271.2,34.86,FALSE
https://doi.org/10.1007/s11814-009-0309-1,PVA,FALSE,WATER,"[{""solventName"": ""WATER"", ""weight"": null, ""weightUnit"": ""gram"", ""volumeRatio"": 100.0, ""volumeRatioUnit"": ""v/v""}]",12,wt%,Single Needle,,Flat,,20,0.3,10,20,45,TRUE,291.89,42.78,FALSE
https://doi.org/10.1007/s11814-009-0309-1,PVA,FALSE,WATER,"[{""solventName"": ""WATER"", ""weight"": null, ""weightUnit"": ""gram"", ""volumeRatio"": 100.0, ""volumeRatioUnit"": ""v/v""}]",12,wt%,Single Needle,,Flat,,20,0.4,10,20,45,TRUE,295.93,49.43,FALSE
https://doi.org/10.1007/s11814-009-0309-1,PVA,FALSE,WATER,"[{""solventName"": ""WATER"", ""weight"": null, ""weightUnit"": ""gram"", ""volumeRatio"": 100.0, ""volumeRatioUnit"": ""v/v""}]",12,wt%,Single Needle,,Flat,,25,0.2,10,20,45,TRUE,234.13,39.31,FALSE
https://doi.org/10.1007/s11814-009-0309-1,PVA,FALSE,WATER,"[{""solventName"": ""WATER"", ""weight"": null, ""weightUnit"": ""gram"", ""volumeRatio"": 100.0, ""volumeRatioUnit"": ""v/v""}]",12,wt%,Single Needle,,Flat,,25,0.3,10,20,45,TRUE,247.65,48.6,FALSE
https://doi.org/10.1007/s11814-009-0309-1,PVA,FALSE,WATER,"[{""solventName"": ""WATER"", ""weight"": null, ""weightUnit"": ""gram"", ""volumeRatio"": 100.0, ""volumeRatioUnit"": ""v/v""}]",12,wt%,Single Needle,,Flat,,25,0.4,10,20,45,TRUE,247.13,59.02,FALSE
https://doi.org/10.1007/s11814-009-0309-1,PVA,FALSE,WATER,"[{""solventName"": ""WATER"", ""weight"": null, ""weightUnit"": ""gram"", ""volumeRatio"": 100.0, ""volumeRatioUnit"": ""v/v""}]",12,wt%,Single Needle,,Flat,,15,0.2,15,20,45,TRUE,271.93,33.05,FALSE
https://doi.org/10.1007/s11814-009-0309-1,PVA,FALSE,WATER,"[{""solventName"": ""WATER"", ""weight"": null, ""weightUnit"": ""gram"", ""volumeRatio"": 100.0, ""volumeRatioUnit"": ""v/v""}]",12,wt%,Single Needle,,Flat,,15,0.3,15,20,45,TRUE,297.65,26.75,FALSE
https://doi.org/10.1007/s11814-009-0309-1,PVA,FALSE,WATER,"[{""solventName"": ""WATER"", ""weight"": null, ""weightUnit"": ""gram"", ""volumeRatio"": 100.0, ""volumeRatioUnit"": ""v/v""}]",12,wt%,Single Needle,,Flat,,15,0.4,15,20,45,TRUE,296.79,39.84,FALSE
https://doi.org/10.1007/s11814-009-0309-1,PVA,FALSE,WATER,"[{""solventName"": ""WATER"", ""weight"": null, ""weightUnit"": ""gram"", ""volumeRatio"": 100.0, ""volumeRatioUnit"": ""v/v""}]",12,wt%,Single Needle,,Flat,,20,0.2,15,20,45,TRUE,297.94,38.82,FALSE
https://doi.org/10.1007/s11814-009-0309-1,PVA,FALSE,WATER,"[{""solventName"": ""WATER"", ""weight"": null, ""weightUnit"": ""gram"", ""volumeRatio"": 100.0, ""volumeRatioUnit"": ""v/v""}]",12,wt%,Single Needle,,Flat,,20,0.3,15,20,45,TRUE,310.06,36.84,FALSE
https://doi.org/10.1007/s11814-009-0309-1,PVA,FALSE,WATER,"[{""solventName"": ""WATER"", ""weight"": null, ""weightUnit"": ""gram"", ""volumeRatio"": 100.0, ""volumeRatioUnit"": ""v/v""}]",12,wt%,Single Needle,,Flat,,20,0.4,15,20,45,TRUE,312.15,41.69,FALSE
https://doi.org/10.1007/s11814-009-0309-1,PVA,FALSE,WATER,"[{""solventName"": ""WATER"", ""weight"": null, ""weightUnit"": ""gram"", ""volumeRatio"": 100.0, ""volumeRatioUnit"": ""v/v""}]",12,wt%,Single Needle,,Flat,,25,0.2,15,20,45,TRUE,272.24,39.55,FALSE
https://doi.org/10.1007/s11814-009-0309-1,PVA,FALSE,WATER,"[{""solventName"": ""WATER"", ""weight"": null, ""weightUnit"": ""gram"", ""volumeRatio"": 100.0, ""volumeRatioUnit"": ""v/v""}]",12,wt%,Single Needle,,Flat,,25,0.3,15,20,45,TRUE,282.04,42.35,FALSE
https://doi.org/10.1007/s11814-009-0309-1,PVA,FALSE,WATER,"[{""solventName"": ""WATER"", ""weight"": null, ""weightUnit"": ""gram"", ""volumeRatio"": 100.0, ""volumeRatioUnit"": ""v/v""}]",12,wt%,Single Needle,,Flat,,25,0.4,15,20,45,TRUE,288,51.72,FALSE
https://doi.org/10.1007/s11814-009-0309-1,PVA,FALSE,WATER,"[{""solventName"": ""WATER"", ""weight"": null, ""weightUnit"": ""gram"", ""volumeRatio"": 100.0, ""volumeRatioUnit"": ""v/v""}]",12,wt%,Single Needle,,Flat,,15,0.2,20,20,45,TRUE,259.63,34.63,FALSE
https://doi.org/10.1007/s11814-009-0309-1,PVA,FALSE,WATER,"[{""solventName"": ""WATER"", ""weight"": null, ""weightUnit"": ""gram"", ""volumeRatio"": 100.0, ""volumeRatioUnit"": ""v/v""}]",12,wt%,Single Needle,,Flat,,15,0.3,20,20,45,TRUE,278.4,25.35,FALSE
https://doi.org/10.1007/s11814-009-0309-1,PVA,FALSE,WATER,"[{""solventName"": ""WATER"", ""weight"": null, ""weightUnit"": ""gram"", ""volumeRatio"": 100.0, ""volumeRatioUnit"": ""v/v""}]",12,wt%,Single Needle,,Flat,,15,0.4,20,20,45,TRUE,279.25,27.25,FALSE
https://doi.org/10.1007/s11814-009-0309-1,PVA,FALSE,WATER,"[{""solventName"": ""WATER"", ""weight"": null, ""weightUnit"": ""gram"", ""volumeRatio"": 100.0, ""volumeRatioUnit"": ""v/v""}]",12,wt%,Single Needle,,Flat,,20,0.2,20,20,45,TRUE,307.42,42.25,FALSE
https://doi.org/10.1007/s11814-009-0309-1,PVA,FALSE,WATER,"[{""solventName"": ""WATER"", ""weight"": null, ""weightUnit"": ""gram"", ""volumeRatio"": 100.0, ""volumeRatioUnit"": ""v/v""}]",12,wt%,Single Needle,,Flat,,20,0.3,20,20,45,TRUE,327.77,35.71,FALSE
https://doi.org/10.1007/s11814-009-0309-1,PVA,FALSE,WATER,"[{""solventName"": ""WATER"", ""weight"": null, ""weightUnit"": ""gram"", ""volumeRatio"": 100.0, ""volumeRatioUnit"": ""v/v""}]",12,wt%,Single Needle,,Flat,,20,0.4,20,20,45,TRUE,337.88,45.16,FALSE
https://doi.org/10.1007/s11814-009-0309-1,PVA,FALSE,WATER,"[{""solventName"": ""WATER"", ""weight"": null, ""weightUnit"": ""gram"", ""volumeRatio"": 100.0, ""volumeRatioUnit"": ""v/v""}]",12,wt%,Single Needle,,Flat,,25,0.2,20,20,45,TRUE,321.78,46.21,FALSE
https://doi.org/10.1007/s11814-009-0309-1,PVA,FALSE,WATER,"[{""solventName"": ""WATER"", ""weight"": null, ""weightUnit"": ""gram"", ""volumeRatio"": 100.0, ""volumeRatioUnit"": ""v/v""}]",12,wt%,Single Needle,,Flat,,25,0.3,20,20,45,TRUE,334.54,40.68,FALSE
https://doi.org/10.1007/s11814-009-0309-1,PVA,FALSE,WATER,"[{""solventName"": ""WATER"", ""weight"": null, ""weightUnit"": ""gram"", ""volumeRatio"": 100.0, ""volumeRatioUnit"": ""v/v""}]",12,wt%,Single Needle,,Flat,,25,0.4,20,20,45,TRUE,342.45,47.94,FALSE
https://doi.org/10.1007/s11814-009-0309-1,PVA,FALSE,WATER,"[{""solventName"": ""WATER"", ""weight"": null, ""weightUnit"": ""gram"", ""volumeRatio"": 100.0, ""volumeRatioUnit"": ""v/v""}]",9,wt%,Single Needle,,Flat,,15,0.3,20,20,45,TRUE,216.53,24.25,FALSE
https://doi.org/10.1007/s11814-009-0309-1,PVA,FALSE,WATER,"[{""solventName"": ""WATER"", ""weight"": null, ""weightUnit"": ""gram"", ""volumeRatio"": 100.0, ""volumeRatioUnit"": ""v/v""}]",10,wt%,Single Needle,,Flat,,15,0.3,12.5,20,45,TRUE,259.61,25.67,FALSE
https://doi.org/10.1007/s11814-009-0309-1,PVA,FALSE,WATER,"[{""solventName"": ""WATER"", ""weight"": null, ""weightUnit"": ""gram"", ""volumeRatio"": 100.0, ""volumeRatioUnit"": ""v/v""}]",10,wt%,Single Needle,,Flat,,22.5,0.3,20,20,45,TRUE,300.27,35.71,FALSE
https://doi.org/10.1007/s11814-009-0309-1,PVA,FALSE,WATER,"[{""solventName"": ""WATER"", ""weight"": null, ""weightUnit"": ""gram"", ""volumeRatio"": 100.0, ""volumeRatioUnit"": ""v/v""}]",10,wt%,Single Needle,,Flat,,15,0.25,20,20,45,TRUE,235.04,29.64,FALSE
https://doi.org/10.1007/s11814-009-0309-1,PVA,FALSE,WATER,"[{""solventName"": ""WATER"", ""weight"": null, ""weightUnit"": ""gram"", ""volumeRatio"": 100.0, ""volumeRatioUnit"": ""v/v""}]",9,wt%,Single Needle,,Flat,,15,0.3,12.5,20,45,TRUE,247.57,26.65,FALSE
https://doi.org/10.1007/s11814-009-0309-1,PVA,FALSE,WATER,"[{""solventName"": ""WATER"", ""weight"": null, ""weightUnit"": ""gram"", ""volumeRatio"": 100.0, ""volumeRatioUnit"": ""v/v""}]",9,wt%,Single Needle,,Flat,,22.5,0.3,20,20,45,TRUE,247.16,31.12,FALSE
https://doi.org/10.1007/s11814-009-0309-1,PVA,FALSE,WATER,"[{""solventName"": ""WATER"", ""weight"": null, ""weightUnit"": ""gram"", ""volumeRatio"": 100.0, ""volumeRatioUnit"": ""v/v""}]",9,wt%,Single Needle,,Flat,,15,0.25,20,20,45,TRUE,212.82,30.26,FALSE
https://doi.org/10.1007/s11814-009-0309-1,PVA,FALSE,WATER,"[{""solventName"": ""WATER"", ""weight"": null, ""weightUnit"": ""gram"", ""volumeRatio"": 100.0, ""volumeRatioUnit"": ""v/v""}]",10,wt%,Single Needle,,Flat,,22.5,0.3,12.5,20,45,TRUE,263.7,45.06,FALSE
https://doi.org/10.1007/s11814-009-0309-1,PVA,FALSE,WATER,"[{""solventName"": ""WATER"", ""weight"": null, ""weightUnit"": ""gram"", ""volumeRatio"": 100.0, ""volumeRatioUnit"": ""v/v""}]",10,wt%,Single Needle,,Flat,,15,0.25,12.5,20,45,TRUE,258.26,26.16,FALSE
https://doi.org/10.1007/s11814-009-0309-1,PVA,FALSE,WATER,"[{""solventName"": ""WATER"", ""weight"": null, ""weightUnit"": ""gram"", ""volumeRatio"": 100.0, ""volumeRatioUnit"": ""v/v""}]",10,wt%,Single Needle,,Flat,,22.5,0.25,20,20,45,TRUE,272.03,36.28,FALSE
https://doi.org/10.1007/s11814-009-0309-1,PVA,FALSE,WATER,"[{""solventName"": ""WATER"", ""weight"": null, ""weightUnit"": ""gram"", ""volumeRatio"": 100.0, ""volumeRatioUnit"": ""v/v""}]",9,wt%,Single Needle,,Flat,,22.5,0.3,12.5,20,45,TRUE,235.75,33.16,FALSE
https://doi.org/10.1007/s11814-009-0309-1,PVA,FALSE,WATER,"[{""solventName"": ""WATER"", ""weight"": null, ""weightUnit"": ""gram"", ""volumeRatio"": 100.0, ""volumeRatioUnit"": ""v/v""}]",9,wt%,Single Needle,,Flat,,15,0.25,12.5,20,45,TRUE,244.43,24.87,FALSE
https://doi.org/10.1007/s11814-009-0309-1,PVA,FALSE,WATER,"[{""solventName"": ""WATER"", ""weight"": null, ""weightUnit"": ""gram"", ""volumeRatio"": 100.0, ""volumeRatioUnit"": ""v/v""}]",9,wt%,Single Needle,,Flat,,22.5,0.25,20,20,45,TRUE,252.5,36.01,FALSE
https://doi.org/10.1007/s11814-009-0309-1,PVA,FALSE,WATER,"[{""solventName"": ""WATER"", ""weight"": null, ""weightUnit"": ""gram"", ""volumeRatio"": 100.0, ""volumeRatioUnit"": ""v/v""}]",10,wt%,Single Needle,,Flat,,22.5,0.25,12.5,20,45,TRUE,260.71,42.25,FALSE
https://doi.org/10.1007/s11814-009-0309-1,PVA,FALSE,WATER,"[{""solventName"": ""WATER"", ""weight"": null, ""weightUnit"": ""gram"", ""volumeRatio"": 100.0, ""volumeRatioUnit"": ""v/v""}]",9,wt%,Single Needle,,Flat,,22.5,0.25,12.5,20,45,TRUE,231.97,32.86,FALSE
 https://doi.org/10.1002/app.36726,PAN,FALSE,DMF,"[{""solventName"": ""DMF"", ""weight"": null, ""weightUnit"": ""gram"", ""volumeRatio"": 100.0, ""volumeRatioUnit"": ""v/v""}]",12,w/v%,Single Needle,22,Rolling Drum,100,14,0.24,15,22,43,TRUE,194,17,FALSE
 https://doi.org/10.1002/app.36726,PAN,FALSE,DMF,"[{""solventName"": ""DMF"", ""weight"": null, ""weightUnit"": ""gram"", ""volumeRatio"": 100.0, ""volumeRatioUnit"": ""v/v""}]",10,w/v%,Single Needle,22,Rolling Drum,100,14,0.24,18,22,43,TRUE,138,19,FALSE
 https://doi.org/10.1002/app.36726,PAN,FALSE,DMF,"[{""solventName"": ""DMF"", ""weight"": null, ""weightUnit"": ""gram"", ""volumeRatio"": 100.0, ""volumeRatioUnit"": ""v/v""}]",12,w/v%,Single Needle,22,Rolling Drum,100,16,0.24,18,22,43,TRUE,175,20,FALSE
 https://doi.org/10.1002/app.36726,PAN,FALSE,DMF,"[{""solventName"": ""DMF"", ""weight"": null, ""weightUnit"": ""gram"", ""volumeRatio"": 100.0, ""volumeRatioUnit"": ""v/v""}]",12,w/v%,Single Needle,22,Rolling Drum,100,16,0.24,12,22,43,TRUE,203,21,FALSE
 https://doi.org/10.1002/app.36726,PAN,FALSE,DMF,"[{""solventName"": ""DMF"", ""weight"": null, ""weightUnit"": ""gram"", ""volumeRatio"": 100.0, ""volumeRatioUnit"": ""v/v""}]",14,w/v%,Single Needle,22,Rolling Drum,100,16,0.24,15,22,43,TRUE,236,20,FALSE
 https://doi.org/10.1002/app.36726,PAN,FALSE,DMF,"[{""solventName"": ""DMF"", ""weight"": null, ""weightUnit"": ""gram"", ""volumeRatio"": 100.0, ""volumeRatioUnit"": ""v/v""}]",14,w/v%,Single Needle,22,Rolling Drum,100,14,0.24,12,22,43,TRUE,254,30,FALSE
 https://doi.org/10.1002/app.36726,PAN,FALSE,DMF,"[{""solventName"": ""DMF"", ""weight"": null, ""weightUnit"": ""gram"", ""volumeRatio"": 100.0, ""volumeRatioUnit"": ""v/v""}]",10,w/v%,Single Needle,22,Rolling Drum,100,14,0.24,12,22,43,TRUE,153,21,FALSE
 https://doi.org/10.1002/app.36726,PAN,FALSE,DMF,"[{""solventName"": ""DMF"", ""weight"": null, ""weightUnit"": ""gram"", ""volumeRatio"": 100.0, ""volumeRatioUnit"": ""v/v""}]",12,w/v%,Single Needle,22,Rolling Drum,100,14,0.24,15,22,43,TRUE,197,18,FALSE
 https://doi.org/10.1002/app.36726,PAN,FALSE,DMF,"[{""solventName"": ""DMF"", ""weight"": null, ""weightUnit"": ""gram"", ""volumeRatio"": 100.0, ""volumeRatioUnit"": ""v/v""}]",10,w/v%,Single Needle,22,Rolling Drum,100,12,0.24,15,22,43,TRUE,124,17,FALSE
 https://doi.org/10.1002/app.36726,PAN,FALSE,DMF,"[{""solventName"": ""DMF"", ""weight"": null, ""weightUnit"": ""gram"", ""volumeRatio"": 100.0, ""volumeRatioUnit"": ""v/v""}]",12,w/v%,Single Needle,22,Rolling Drum,100,14,0.24,15,22,43,TRUE,199,18,FALSE
 https://doi.org/10.1002/app.36726,PAN,FALSE,DMF,"[{""solventName"": ""DMF"", ""weight"": null, ""weightUnit"": ""gram"", ""volumeRatio"": 100.0, ""volumeRatioUnit"": ""v/v""}]",10,w/v%,Single Needle,22,Rolling Drum,100,16,0.24,15,22,43,TRUE,161,19,FALSE
 https://doi.org/10.1002/app.36726,PAN,FALSE,DMF,"[{""solventName"": ""DMF"", ""weight"": null, ""weightUnit"": ""gram"", ""volumeRatio"": 100.0, ""volumeRatioUnit"": ""v/v""}]",12,w/v%,Single Needle,22,Rolling Drum,100,12,0.24,18,22,43,TRUE,208,16,FALSE
 https://doi.org/10.1002/app.36726,PAN,FALSE,DMF,"[{""solventName"": ""DMF"", ""weight"": null, ""weightUnit"": ""gram"", ""volumeRatio"": 100.0, ""volumeRatioUnit"": ""v/v""}]",14,w/v%,Single Needle,22,Rolling Drum,100,12,0.24,15,22,43,TRUE,276,31,FALSE
 https://doi.org/10.1002/app.36726,PAN,FALSE,DMF,"[{""solventName"": ""DMF"", ""weight"": null, ""weightUnit"": ""gram"", ""volumeRatio"": 100.0, ""volumeRatioUnit"": ""v/v""}]",12,w/v%,Single Needle,22,Rolling Drum,100,14,0.24,15,22,43,TRUE,198,20,FALSE
 https://doi.org/10.1002/app.36726,PAN,FALSE,DMF,"[{""solventName"": ""DMF"", ""weight"": null, ""weightUnit"": ""gram"", ""volumeRatio"": 100.0, ""volumeRatioUnit"": ""v/v""}]",14,w/v%,Single Needle,22,Rolling Drum,100,14,0.24,18,22,43,TRUE,263,29,FALSE
 https://doi.org/10.1002/app.36726,PAN,FALSE,DMF,"[{""solventName"": ""DMF"", ""weight"": null, ""weightUnit"": ""gram"", ""volumeRatio"": 100.0, ""volumeRatioUnit"": ""v/v""}]",12,w/v%,Single Needle,22,Rolling Drum,100,12,0.24,12,22,43,TRUE,184,17,FALSE
 https://doi.org/10.1002/app.36726,PAN,FALSE,DMF,"[{""solventName"": ""DMF"", ""weight"": null, ""weightUnit"": ""gram"", ""volumeRatio"": 100.0, ""volumeRatioUnit"": ""v/v""}]",12,w/v%,Single Needle,22,Rolling Drum,100,14,0.24,15,22,43,TRUE,193,21,FALSE
https://doi.org/10.1007/s12221-015-5263-4,PVP,FALSE,DMF,"[{""solventName"": ""DMF"", ""weight"": null, ""weightUnit"": ""gram"", ""volumeRatio"": 100.0, ""volumeRatioUnit"": ""v/v""}]",10,wt%,Single Needle,22,Rolling Drum,100,13,0.25,10,22,33,TRUE,103,24,FALSE
https://doi.org/10.1007/s12221-015-5263-4,PVP,FALSE,DMF,"[{""solventName"": ""DMF"", ""weight"": null, ""weightUnit"": ""gram"", ""volumeRatio"": 100.0, ""volumeRatioUnit"": ""v/v""}]",10,wt%,Single Needle,22,Rolling Drum,100,13,0.25,20,22,33,TRUE,118,25,FALSE
https://doi.org/10.1007/s12221-015-5263-4,PVP,FALSE,DMF,"[{""solventName"": ""DMF"", ""weight"": null, ""weightUnit"": ""gram"", ""volumeRatio"": 100.0, ""volumeRatioUnit"": ""v/v""}]",10,wt%,Single Needle,22,Rolling Drum,100,17,0.25,15,22,33,TRUE,88,17,FALSE
https://doi.org/10.1007/s12221-015-5263-4,PVP,FALSE,DMF,"[{""solventName"": ""DMF"", ""weight"": null, ""weightUnit"": ""gram"", ""volumeRatio"": 100.0, ""volumeRatioUnit"": ""v/v""}]",10,wt%,Single Needle,22,Rolling Drum,100,21,0.25,10,22,33,TRUE,135,43,FALSE
https://doi.org/10.1007/s12221-015-5263-4,PVP,FALSE,DMF,"[{""solventName"": ""DMF"", ""weight"": null, ""weightUnit"": ""gram"", ""volumeRatio"": 100.0, ""volumeRatioUnit"": ""v/v""}]",10,wt%,Single Needle,22,Rolling Drum,100,21,0.25,20,22,33,TRUE,151,44,FALSE
https://doi.org/10.1007/s12221-015-5263-4,PVP,FALSE,DMF,"[{""solventName"": ""DMF"", ""weight"": null, ""weightUnit"": ""gram"", ""volumeRatio"": 100.0, ""volumeRatioUnit"": ""v/v""}]",14,wt%,Single Needle,22,Rolling Drum,100,13,0.25,15,22,33,TRUE,179,24,FALSE
https://doi.org/10.1007/s12221-015-5263-4,PVP,FALSE,DMF,"[{""solventName"": ""DMF"", ""weight"": null, ""weightUnit"": ""gram"", ""volumeRatio"": 100.0, ""volumeRatioUnit"": ""v/v""}]",14,wt%,Single Needle,22,Rolling Drum,100,17,0.25,10,22,33,TRUE,288,66,FALSE
https://doi.org/10.1007/s12221-015-5263-4,PVP,FALSE,DMF,"[{""solventName"": ""DMF"", ""weight"": null, ""weightUnit"": ""gram"", ""volumeRatio"": 100.0, ""volumeRatioUnit"": ""v/v""}]",14,wt%,Single Needle,22,Rolling Drum,100,17,0.25,15,22,33,TRUE,181,25,FALSE
https://doi.org/10.1007/s12221-015-5263-4,PVP,FALSE,DMF,"[{""solventName"": ""DMF"", ""weight"": null, ""weightUnit"": ""gram"", ""volumeRatio"": 100.0, ""volumeRatioUnit"": ""v/v""}]",14,wt%,Single Needle,22,Rolling Drum,100,17,0.25,15,22,33,TRUE,224,4,FALSE
https://doi.org/10.1007/s12221-015-5263-4,PVP,FALSE,DMF,"[{""solventName"": ""DMF"", ""weight"": null, ""weightUnit"": ""gram"", ""volumeRatio"": 100.0, ""volumeRatioUnit"": ""v/v""}]",14,wt%,Single Needle,22,Rolling Drum,100,17,0.25,15,22,33,TRUE,261,45,FALSE
https://doi.org/10.1007/s12221-015-5263-4,PVP,FALSE,DMF,"[{""solventName"": ""DMF"", ""weight"": null, ""weightUnit"": ""gram"", ""volumeRatio"": 100.0, ""volumeRatioUnit"": ""v/v""}]",14,wt%,Single Needle,22,Rolling Drum,100,17,0.25,15,22,33,TRUE,198,32,FALSE
https://doi.org/10.1007/s12221-015-5263-4,PVP,FALSE,DMF,"[{""solventName"": ""DMF"", ""weight"": null, ""weightUnit"": ""gram"", ""volumeRatio"": 100.0, ""volumeRatioUnit"": ""v/v""}]",14,wt%,Single Needle,22,Rolling Drum,100,17,0.25,15,22,33,TRUE,234,35,FALSE
https://doi.org/10.1007/s12221-015-5263-4,PVP,FALSE,DMF,"[{""solventName"": ""DMF"", ""weight"": null, ""weightUnit"": ""gram"", ""volumeRatio"": 100.0, ""volumeRatioUnit"": ""v/v""}]",14,wt%,Single Needle,22,Rolling Drum,100,17,0.25,20,22,33,TRUE,161,20,FALSE
https://doi.org/10.1007/s12221-015-5263-4,PVP,FALSE,DMF,"[{""solventName"": ""DMF"", ""weight"": null, ""weightUnit"": ""gram"", ""volumeRatio"": 100.0, ""volumeRatioUnit"": ""v/v""}]",14,wt%,Single Needle,22,Rolling Drum,100,21,0.25,15,22,33,TRUE,251,72,FALSE
https://doi.org/10.1007/s12221-015-5263-4,PVP,FALSE,DMF,"[{""solventName"": ""DMF"", ""weight"": null, ""weightUnit"": ""gram"", ""volumeRatio"": 100.0, ""volumeRatioUnit"": ""v/v""}]",18,wt%,Single Needle,22,Rolling Drum,100,13,0.25,10,22,33,TRUE,506,118,FALSE
https://doi.org/10.1007/s12221-015-5263-4,PVP,FALSE,DMF,"[{""solventName"": ""DMF"", ""weight"": null, ""weightUnit"": ""gram"", ""volumeRatio"": 100.0, ""volumeRatioUnit"": ""v/v""}]",18,wt%,Single Needle,22,Rolling Drum,100,13,0.25,20,22,33,TRUE,323,52,FALSE
https://doi.org/10.1007/s12221-015-5263-4,PVP,FALSE,DMF,"[{""solventName"": ""DMF"", ""weight"": null, ""weightUnit"": ""gram"", ""volumeRatio"": 100.0, ""volumeRatioUnit"": ""v/v""}]",18,wt%,Single Needle,22,Rolling Drum,100,17,0.25,15,22,33,TRUE,447,88,FALSE
https://doi.org/10.1007/s12221-015-5263-4,PVP,FALSE,DMF,"[{""solventName"": ""DMF"", ""weight"": null, ""weightUnit"": ""gram"", ""volumeRatio"": 100.0, ""volumeRatioUnit"": ""v/v""}]",18,wt%,Single Needle,22,Rolling Drum,100,21,0.25,10,22,33,TRUE,691,185,FALSE
https://doi.org/10.1007/s12221-015-5263-4,PVP,FALSE,DMF,"[{""solventName"": ""DMF"", ""weight"": null, ""weightUnit"": ""gram"", ""volumeRatio"": 100.0, ""volumeRatioUnit"": ""v/v""}]",18,wt%,Single Needle,22,Rolling Drum,100,21,0.25,20,22,33,TRUE,357,77,FALSE
https://doi.org/10.1007/s12221-015-5263-4,PVP,FALSE,ETHANOL,"[{""solventName"": ""ETHANOL"", ""weight"": null, ""weightUnit"": ""gram"", ""volumeRatio"": 100.0, ""volumeRatioUnit"": ""v/v""}]",10,wt%,Single Needle,22,Rolling Drum,100,13,0.25,10,22,33,TRUE,458,92,FALSE
https://doi.org/10.1007/s12221-015-5263-4,PVP,FALSE,ETHANOL,"[{""solventName"": ""ETHANOL"", ""weight"": null, ""weightUnit"": ""gram"", ""volumeRatio"": 100.0, ""volumeRatioUnit"": ""v/v""}]",10,wt%,Single Needle,22,Rolling Drum,100,13,0.25,20,22,33,TRUE,825,146,FALSE
https://doi.org/10.1007/s12221-015-5263-4,PVP,FALSE,ETHANOL,"[{""solventName"": ""ETHANOL"", ""weight"": null, ""weightUnit"": ""gram"", ""volumeRatio"": 100.0, ""volumeRatioUnit"": ""v/v""}]",10,wt%,Single Needle,22,Rolling Drum,100,17,0.25,15,22,33,TRUE,510,112,FALSE
https://doi.org/10.1007/s12221-015-5263-4,PVP,FALSE,ETHANOL,"[{""solventName"": ""ETHANOL"", ""weight"": null, ""weightUnit"": ""gram"", ""volumeRatio"": 100.0, ""volumeRatioUnit"": ""v/v""}]",10,wt%,Single Needle,22,Rolling Drum,100,21,0.25,10,22,33,TRUE,306,86,FALSE
https://doi.org/10.1007/s12221-015-5263-4,PVP,FALSE,ETHANOL,"[{""solventName"": ""ETHANOL"", ""weight"": null, ""weightUnit"": ""gram"", ""volumeRatio"": 100.0, ""volumeRatioUnit"": ""v/v""}]",10,wt%,Single Needle,22,Rolling Drum,100,21,0.25,20,22,33,TRUE,403,94,FALSE
https://doi.org/10.1007/s12221-015-5263-4,PVP,FALSE,ETHANOL,"[{""solventName"": ""ETHANOL"", ""weight"": null, ""weightUnit"": ""gram"", ""volumeRatio"": 100.0, ""volumeRatioUnit"": ""v/v""}]",14,wt%,Single Needle,22,Rolling Drum,100,13,0.25,15,22,33,TRUE,1446,303,TRUE
https://doi.org/10.1007/s12221-015-5263-4,PVP,FALSE,ETHANOL,"[{""solventName"": ""ETHANOL"", ""weight"": null, ""weightUnit"": ""gram"", ""volumeRatio"": 100.0, ""volumeRatioUnit"": ""v/v""}]",14,wt%,Single Needle,22,Rolling Drum,100,17,0.25,10,22,33,TRUE,718,173,FALSE
https://doi.org/10.1007/s12221-015-5263-4,PVP,FALSE,ETHANOL,"[{""solventName"": ""ETHANOL"", ""weight"": null, ""weightUnit"": ""gram"", ""volumeRatio"": 100.0, ""volumeRatioUnit"": ""v/v""}]",14,wt%,Single Needle,22,Rolling Drum,100,17,0.25,15,22,33,TRUE,812,191,FALSE
https://doi.org/10.1007/s12221-015-5263-4,PVP,FALSE,ETHANOL,"[{""solventName"": ""ETHANOL"", ""weight"": null, ""weightUnit"": ""gram"", ""volumeRatio"": 100.0, ""volumeRatioUnit"": ""v/v""}]",14,wt%,Single Needle,22,Rolling Drum,100,17,0.25,15,22,33,TRUE,932,202,FALSE
https://doi.org/10.1007/s12221-015-5263-4,PVP,FALSE,ETHANOL,"[{""solventName"": ""ETHANOL"", ""weight"": null, ""weightUnit"": ""gram"", ""volumeRatio"": 100.0, ""volumeRatioUnit"": ""v/v""}]",14,wt%,Single Needle,22,Rolling Drum,100,17,0.25,15,22,33,TRUE,875,193,FALSE
https://doi.org/10.1007/s12221-015-5263-4,PVP,FALSE,ETHANOL,"[{""solventName"": ""ETHANOL"", ""weight"": null, ""weightUnit"": ""gram"", ""volumeRatio"": 100.0, ""volumeRatioUnit"": ""v/v""}]",14,wt%,Single Needle,22,Rolling Drum,100,17,0.25,15,22,33,TRUE,1152,229,FALSE
https://doi.org/10.1007/s12221-015-5263-4,PVP,FALSE,ETHANOL,"[{""solventName"": ""ETHANOL"", ""weight"": null, ""weightUnit"": ""gram"", ""volumeRatio"": 100.0, ""volumeRatioUnit"": ""v/v""}]",14,wt%,Single Needle,22,Rolling Drum,100,17,0.25,15,22,33,TRUE,1056,207,FALSE
https://doi.org/10.1007/s12221-015-5263-4,PVP,FALSE,ETHANOL,"[{""solventName"": ""ETHANOL"", ""weight"": null, ""weightUnit"": ""gram"", ""volumeRatio"": 100.0, ""volumeRatioUnit"": ""v/v""}]",14,wt%,Single Needle,22,Rolling Drum,100,17,0.25,20,22,33,TRUE,1451,320,TRUE
https://doi.org/10.1007/s12221-015-5263-4,PVP,FALSE,ETHANOL,"[{""solventName"": ""ETHANOL"", ""weight"": null, ""weightUnit"": ""gram"", ""volumeRatio"": 100.0, ""volumeRatioUnit"": ""v/v""}]",14,wt%,Single Needle,22,Rolling Drum,100,21,0.25,15,22,33,TRUE,612,182,FALSE
https://doi.org/10.1007/s12221-015-5263-4,PVP,FALSE,ETHANOL,"[{""solventName"": ""ETHANOL"", ""weight"": null, ""weightUnit"": ""gram"", ""volumeRatio"": 100.0, ""volumeRatioUnit"": ""v/v""}]",18,wt%,Single Needle,22,Rolling Drum,100,13,0.25,10,22,33,TRUE,1611,512,TRUE
https://doi.org/10.1007/s12221-015-5263-4,PVP,FALSE,ETHANOL,"[{""solventName"": ""ETHANOL"", ""weight"": null, ""weightUnit"": ""gram"", ""volumeRatio"": 100.0, ""volumeRatioUnit"": ""v/v""}]",18,wt%,Single Needle,22,Rolling Drum,100,13,0.25,20,22,33,TRUE,2661,694,TRUE
https://doi.org/10.1007/s12221-015-5263-4,PVP,FALSE,ETHANOL,"[{""solventName"": ""ETHANOL"", ""weight"": null, ""weightUnit"": ""gram"", ""volumeRatio"": 100.0, ""volumeRatioUnit"": ""v/v""}]",18,wt%,Single Needle,22,Rolling Drum,100,17,0.25,15,22,33,TRUE,1881,474,TRUE
https://doi.org/10.1007/s12221-015-5263-4,PVP,FALSE,ETHANOL,"[{""solventName"": ""ETHANOL"", ""weight"": null, ""weightUnit"": ""gram"", ""volumeRatio"": 100.0, ""volumeRatioUnit"": ""v/v""}]",18,wt%,Single Needle,22,Rolling Drum,100,21,0.25,10,22,33,TRUE,1014,415,FALSE
https://doi.org/10.1007/s12221-015-5263-4,PVP,FALSE,ETHANOL,"[{""solventName"": ""ETHANOL"", ""weight"": null, ""weightUnit"": ""gram"", ""volumeRatio"": 100.0, ""volumeRatioUnit"": ""v/v""}]",18,wt%,Single Needle,22,Rolling Drum,100,21,0.25,20,22,33,TRUE,1179,418,FALSE
https://doi.org/10.1007/s00521-014-1554-8,PMMA,FALSE,DMF,"[{""solventName"": ""DMF"", ""weight"": null, ""weightUnit"": ""gram"", ""volumeRatio"": 100.0, ""volumeRatioUnit"": ""v/v""}]",20,wt%,Single Needle,,Flat,,15,2.5,15,25,32,TRUE,548,,FALSE
https://doi.org/10.1007/s00521-014-1554-8,PMMA,FALSE,DMF,"[{""solventName"": ""DMF"", ""weight"": null, ""weightUnit"": ""gram"", ""volumeRatio"": 100.0, ""volumeRatioUnit"": ""v/v""}]",20,wt%,Single Needle,,Flat,,15,2.5,15,25,32,TRUE,563,,FALSE
https://doi.org/10.1007/s00521-014-1554-8,PMMA,FALSE,DMF,"[{""solventName"": ""DMF"", ""weight"": null, ""weightUnit"": ""gram"", ""volumeRatio"": 100.0, ""volumeRatioUnit"": ""v/v""}]",20,wt%,Single Needle,,Flat,,15,2.5,15,25,32,TRUE,636,,FALSE
https://doi.org/10.1007/s00521-014-1554-8,PMMA,FALSE,DMF,"[{""solventName"": ""DMF"", ""weight"": null, ""weightUnit"": ""gram"", ""volumeRatio"": 100.0, ""volumeRatioUnit"": ""v/v""}]",20,wt%,Single Needle,,Flat,,15,2.5,15,25,32,TRUE,604,,FALSE
https://doi.org/10.1007/s00521-014-1554-8,PMMA,FALSE,DMF,"[{""solventName"": ""DMF"", ""weight"": null, ""weightUnit"": ""gram"", ""volumeRatio"": 100.0, ""volumeRatioUnit"": ""v/v""}]",20,wt%,Single Needle,,Flat,,15,2.5,15,25,32,TRUE,634,,FALSE
https://doi.org/10.1007/s00521-014-1554-8,PMMA,FALSE,DMF,"[{""solventName"": ""DMF"", ""weight"": null, ""weightUnit"": ""gram"", ""volumeRatio"": 100.0, ""volumeRatioUnit"": ""v/v""}]",20,wt%,Single Needle,,Flat,,15,2.5,15,25,32,TRUE,549,,FALSE
https://doi.org/10.1007/s00521-014-1554-8,PMMA,FALSE,DMF,"[{""solventName"": ""DMF"", ""weight"": null, ""weightUnit"": ""gram"", ""volumeRatio"": 100.0, ""volumeRatioUnit"": ""v/v""}]",15,wt%,Single Needle,,Flat,,15,1,10,25,32,TRUE,230,,FALSE
https://doi.org/10.1007/s00521-014-1554-8,PMMA,FALSE,DMF,"[{""solventName"": ""DMF"", ""weight"": null, ""weightUnit"": ""gram"", ""volumeRatio"": 100.0, ""volumeRatioUnit"": ""v/v""}]",25,wt%,Single Needle,,Flat,,15,1,10,25,32,TRUE,1290,,TRUE
https://doi.org/10.1007/s00521-014-1554-8,PMMA,FALSE,DMF,"[{""solventName"": ""DMF"", ""weight"": null, ""weightUnit"": ""gram"", ""volumeRatio"": 100.0, ""volumeRatioUnit"": ""v/v""}]",15,wt%,Single Needle,,Flat,,15,4,10,25,32,TRUE,143,,FALSE
https://doi.org/10.1007/s00521-014-1554-8,PMMA,FALSE,DMF,"[{""solventName"": ""DMF"", ""weight"": null, ""weightUnit"": ""gram"", ""volumeRatio"": 100.0, ""volumeRatioUnit"": ""v/v""}]",25,wt%,Single Needle,,Flat,,15,4,10,25,32,TRUE,1505,,TRUE
https://doi.org/10.1007/s00521-014-1554-8,PMMA,FALSE,DMF,"[{""solventName"": ""DMF"", ""weight"": null, ""weightUnit"": ""gram"", ""volumeRatio"": 100.0, ""volumeRatioUnit"": ""v/v""}]",15,wt%,Single Needle,,Flat,,15,1,20,25,32,TRUE,324,,FALSE
https://doi.org/10.1007/s00521-014-1554-8,PMMA,FALSE,DMF,"[{""solventName"": ""DMF"", ""weight"": null, ""weightUnit"": ""gram"", ""volumeRatio"": 100.0, ""volumeRatioUnit"": ""v/v""}]",25,wt%,Single Needle,,Flat,,15,1,20,25,32,TRUE,1280,,TRUE
https://doi.org/10.1007/s00521-014-1554-8,PMMA,FALSE,DMF,"[{""solventName"": ""DMF"", ""weight"": null, ""weightUnit"": ""gram"", ""volumeRatio"": 100.0, ""volumeRatioUnit"": ""v/v""}]",15,wt%,Single Needle,,Flat,,15,4,20,25,32,TRUE,301,,FALSE
https://doi.org/10.1007/s00521-014-1554-8,PMMA,FALSE,DMF,"[{""solventName"": ""DMF"", ""weight"": null, ""weightUnit"": ""gram"", ""volumeRatio"": 100.0, ""volumeRatioUnit"": ""v/v""}]",25,wt%,Single Needle,,Flat,,15,4,20,25,32,TRUE,1000,,FALSE
https://doi.org/10.1007/s00521-014-1554-8,PMMA,FALSE,DMF,"[{""solventName"": ""DMF"", ""weight"": null, ""weightUnit"": ""gram"", ""volumeRatio"": 100.0, ""volumeRatioUnit"": ""v/v""}]",13,wt%,Single Needle,,Flat,,15,2.5,15,25,32,TRUE,170,,FALSE
https://doi.org/10.1007/s00521-014-1554-8,PMMA,FALSE,DMF,"[{""solventName"": ""DMF"", ""weight"": null, ""weightUnit"": ""gram"", ""volumeRatio"": 100.0, ""volumeRatioUnit"": ""v/v""}]",28,wt%,Single Needle,,Flat,,15,2.5,15,25,32,TRUE,1430,,TRUE
https://doi.org/10.1007/s00521-014-1554-8,PMMA,FALSE,DMF,"[{""solventName"": ""DMF"", ""weight"": null, ""weightUnit"": ""gram"", ""volumeRatio"": 100.0, ""volumeRatioUnit"": ""v/v""}]",20,wt%,Single Needle,,Flat,,15,2,15,25,32,TRUE,552,,FALSE
https://doi.org/10.1007/s00521-014-1554-8,PMMA,FALSE,DMF,"[{""solventName"": ""DMF"", ""weight"": null, ""weightUnit"": ""gram"", ""volumeRatio"": 100.0, ""volumeRatioUnit"": ""v/v""}]",20,wt%,Single Needle,,Flat,,15,5,15,25,32,TRUE,585,,FALSE
https://doi.org/10.1007/s00521-014-1554-8,PMMA,FALSE,DMF,"[{""solventName"": ""DMF"", ""weight"": null, ""weightUnit"": ""gram"", ""volumeRatio"": 100.0, ""volumeRatioUnit"": ""v/v""}]",20,wt%,Single Needle,,Flat,,15,2.5,16,25,32,TRUE,575,,FALSE
https://doi.org/10.1007/s00521-014-1554-8,PMMA,FALSE,DMF,"[{""solventName"": ""DMF"", ""weight"": null, ""weightUnit"": ""gram"", ""volumeRatio"": 100.0, ""volumeRatioUnit"": ""v/v""}]",20,wt%,Single Needle,,Flat,,15,2.5,23,25,32,TRUE,572,,FALSE
https://doi.org/10.3139/217.3278,PVA,FALSE,WATER,"[{""solventName"": ""DISTILLED_WATER"", ""weight"": null, ""weightUnit"": ""gram"", ""volumeRatio"": 100.0, ""volumeRatioUnit"": ""v/v""}]",12,wt%,Single Needle,22,Flat,,18,1,18,25,,TRUE,688,101,FALSE
https://doi.org/10.3139/217.3278,PVA,FALSE,WATER,"[{""solventName"": ""DISTILLED_WATER"", ""weight"": null, ""weightUnit"": ""gram"", ""volumeRatio"": 100.0, ""volumeRatioUnit"": ""v/v""}]",12,wt%,Single Needle,22,Flat,,16,0.7,15,25,,TRUE,730,85,FALSE
https://doi.org/10.3139/217.3278,PVA,FALSE,WATER,"[{""solventName"": ""DISTILLED_WATER"", ""weight"": null, ""weightUnit"": ""gram"", ""volumeRatio"": 100.0, ""volumeRatioUnit"": ""v/v""}]",12,wt%,Single Needle,22,Flat,,14,0.5,10,25,,TRUE,768,63,FALSE
https://doi.org/10.3139/217.3278,PVA,FALSE,WATER,"[{""solventName"": ""DISTILLED_WATER"", ""weight"": null, ""weightUnit"": ""gram"", ""volumeRatio"": 100.0, ""volumeRatioUnit"": ""v/v""}]",10,wt%,Single Needle,22,Flat,,18,0.7,10,25,,TRUE,541,91,FALSE
https://doi.org/10.3139/217.3278,PVA,FALSE,WATER,"[{""solventName"": ""DISTILLED_WATER"", ""weight"": null, ""weightUnit"": ""gram"", ""volumeRatio"": 100.0, ""volumeRatioUnit"": ""v/v""}]",10,wt%,Single Needle,22,Flat,,16,0.5,18,25,,TRUE,636,76,FALSE
https://doi.org/10.3139/217.3278,PVA,FALSE,WATER,"[{""solventName"": ""DISTILLED_WATER"", ""weight"": null, ""weightUnit"": ""gram"", ""volumeRatio"": 100.0, ""volumeRatioUnit"": ""v/v""}]",10,wt%,Single Needle,22,Flat,,14,1,15,25,,TRUE,659,62,FALSE
https://doi.org/10.3139/217.3278,PVA,FALSE,WATER,"[{""solventName"": ""DISTILLED_WATER"", ""weight"": null, ""weightUnit"": ""gram"", ""volumeRatio"": 100.0, ""volumeRatioUnit"": ""v/v""}]",8,wt%,Single Needle,22,Flat,,18,0.5,15,25,,TRUE,411,73,FALSE
https://doi.org/10.3139/217.3278,PVA,FALSE,WATER,"[{""solventName"": ""DISTILLED_WATER"", ""weight"": null, ""weightUnit"": ""gram"", ""volumeRatio"": 100.0, ""volumeRatioUnit"": ""v/v""}]",8,wt%,Single Needle,22,Flat,,16,1,10,25,,TRUE,456,83,FALSE
https://doi.org/10.3139/217.3278,PVA,FALSE,WATER,"[{""solventName"": ""DISTILLED_WATER"", ""weight"": null, ""weightUnit"": ""gram"", ""volumeRatio"": 100.0, ""volumeRatioUnit"": ""v/v""}]",8,wt%,Single Needle,22,Flat,,14,0.7,18,25,,TRUE,488,53,FALSE
